"","PatchID0","PatchID1","FST","Tree_disease","Management","Replicate","method"
"1025","90","248",0.355485,"0","0",1,"RS"
"1026","90","525",0.229075,"0","0",1,"RS"
"1027","90","622",0.325042,"0","0",1,"RS"
"1028","90","764",0.207409,"0","0",1,"RS"
"1029","90","892",0.387509,"0","0",1,"RS"
"1030","90","970",0.354147,"0","0",1,"RS"
"1031","90","1182",0.202219,"0","0",1,"RS"
"1032","90","1306",0.285471,"0","0",1,"RS"
"1033","90","1442",0.195582,"0","0",1,"RS"
"1034","90","1497",0.237703,"0","0",1,"RS"
"1035","90","1555",0.247785,"0","0",1,"RS"
"1036","90","1673",0.407035,"0","0",1,"RS"
"1037","90","2097",0.224178,"0","0",1,"RS"
"1038","248","525",0.285913,"0","0",1,"RS"
"1039","248","622",0.421423,"0","0",1,"RS"
"1040","248","764",0.264537,"0","0",1,"RS"
"1041","248","892",0.466226,"0","0",1,"RS"
"1042","248","970",0.433077,"0","0",1,"RS"
"1043","248","1182",0.256851,"0","0",1,"RS"
"1044","248","1306",0.362035,"0","0",1,"RS"
"1045","248","1442",0.253092,"0","0",1,"RS"
"1046","248","1497",0.313402,"0","0",1,"RS"
"1047","248","1555",0.329346,"0","0",1,"RS"
"1048","248","1673",0.455097,"0","0",1,"RS"
"1049","248","2097",0.303794,"0","0",1,"RS"
"1050","525","622",0.287649,"0","0",1,"RS"
"1051","525","764",0.128138,"0","0",1,"RS"
"1052","525","892",0.319774,"0","0",1,"RS"
"1053","525","970",0.28007,"0","0",1,"RS"
"1054","525","1182",0.106463,"0","0",1,"RS"
"1055","525","1306",0.19923,"0","0",1,"RS"
"1056","525","1442",0.109672,"0","0",1,"RS"
"1057","525","1497",0.167199,"0","0",1,"RS"
"1058","525","1555",0.174966,"0","0",1,"RS"
"1059","525","1673",0.309958,"0","0",1,"RS"
"1060","525","2097",0.155109,"0","0",1,"RS"
"1061","622","764",0.263577,"0","0",1,"RS"
"1062","622","892",0.4414,"0","0",1,"RS"
"1063","622","970",0.404442,"0","0",1,"RS"
"1064","622","1182",0.241932,"0","0",1,"RS"
"1065","622","1306",0.326333,"0","0",1,"RS"
"1066","622","1442",0.245168,"0","0",1,"RS"
"1067","622","1497",0.282226,"0","0",1,"RS"
"1068","622","1555",0.318942,"0","0",1,"RS"
"1069","622","1673",0.459932,"0","0",1,"RS"
"1070","622","2097",0.27231,"0","0",1,"RS"
"1071","764","892",0.272714,"0","0",1,"RS"
"1072","764","970",0.257481,"0","0",1,"RS"
"1073","764","1182",0.0924853,"0","0",1,"RS"
"1074","764","1306",0.17351,"0","0",1,"RS"
"1075","764","1442",0.0858259,"0","0",1,"RS"
"1076","764","1497",0.152994,"0","0",1,"RS"
"1077","764","1555",0.147928,"0","0",1,"RS"
"1078","764","1673",0.272171,"0","0",1,"RS"
"1079","764","2097",0.146531,"0","0",1,"RS"
"1080","892","970",0.457448,"0","0",1,"RS"
"1081","892","1182",0.301379,"0","0",1,"RS"
"1082","892","1306",0.383347,"0","0",1,"RS"
"1083","892","1442",0.303018,"0","0",1,"RS"
"1084","892","1497",0.327025,"0","0",1,"RS"
"1085","892","1555",0.331337,"0","0",1,"RS"
"1086","892","1673",0.43525,"0","0",1,"RS"
"1087","892","2097",0.332182,"0","0",1,"RS"
"1088","970","1182",0.248312,"0","0",1,"RS"
"1089","970","1306",0.335178,"0","0",1,"RS"
"1090","970","1442",0.221304,"0","0",1,"RS"
"1091","970","1497",0.294279,"0","0",1,"RS"
"1092","970","1555",0.30844,"0","0",1,"RS"
"1093","970","1673",0.418434,"0","0",1,"RS"
"1094","970","2097",0.283358,"0","0",1,"RS"
"1095","1182","1306",0.178012,"0","0",1,"RS"
"1096","1182","1442",0.0436978,"0","0",1,"RS"
"1097","1182","1497",0.132964,"0","0",1,"RS"
"1098","1182","1555",0.153795,"0","0",1,"RS"
"1099","1182","1673",0.265267,"0","0",1,"RS"
"1100","1182","2097",0.113546,"0","0",1,"RS"
"1101","1306","1442",0.186884,"0","0",1,"RS"
"1102","1306","1497",0.23648,"0","0",1,"RS"
"1103","1306","1555",0.236326,"0","0",1,"RS"
"1104","1306","1673",0.384456,"0","0",1,"RS"
"1105","1306","2097",0.217157,"0","0",1,"RS"
"1106","1442","1497",0.119641,"0","0",1,"RS"
"1107","1442","1555",0.150784,"0","0",1,"RS"
"1108","1442","1673",0.283011,"0","0",1,"RS"
"1109","1442","2097",0.120112,"0","0",1,"RS"
"1110","1497","1555",0.187312,"0","0",1,"RS"
"1111","1497","1673",0.332763,"0","0",1,"RS"
"1112","1497","2097",0.196942,"0","0",1,"RS"
"1113","1555","1673",0.318919,"0","0",1,"RS"
"1114","1555","2097",0.198506,"0","0",1,"RS"
"1115","1673","2097",0.335413,"0","0",1,"RS"
"10251","90","248",0.793056,"70","0",1,"RS"
"10261","90","525",0.619105,"70","0",1,"RS"
"10271","90","622",0.675533,"70","0",1,"RS"
"10281","90","764",0.426027,"70","0",1,"RS"
"10291","90","892",0.808637,"70","0",1,"RS"
"10301","90","970",0.797906,"70","0",1,"RS"
"10311","90","1182",0.404087,"70","0",1,"RS"
"10321","90","1306",0.710314,"70","0",1,"RS"
"10331","90","1442",0.449068,"70","0",1,"RS"
"10341","90","1497",0.521485,"70","0",1,"RS"
"10351","90","1555",0.616874,"70","0",1,"RS"
"10361","90","1673",0.772895,"70","0",1,"RS"
"10371","90","2097",0.51291,"70","0",1,"RS"
"10381","248","525",0.799574,"70","0",1,"RS"
"10391","248","622",0.856053,"70","0",1,"RS"
"10401","248","764",0.629173,"70","0",1,"RS"
"10411","248","892",0.970026,"70","0",1,"RS"
"10421","248","970",0.966574,"70","0",1,"RS"
"10431","248","1182",0.604588,"70","0",1,"RS"
"10441","248","1306",0.875235,"70","0",1,"RS"
"10451","248","1442",0.596237,"70","0",1,"RS"
"10461","248","1497",0.679285,"70","0",1,"RS"
"10471","248","1555",0.787843,"70","0",1,"RS"
"10481","248","1673",0.959474,"70","0",1,"RS"
"10491","248","2097",0.681261,"70","0",1,"RS"
"10501","525","622",0.700701,"70","0",1,"RS"
"10511","525","764",0.453623,"70","0",1,"RS"
"10521","525","892",0.810589,"70","0",1,"RS"
"10531","525","970",0.804048,"70","0",1,"RS"
"10541","525","1182",0.435285,"70","0",1,"RS"
"10551","525","1306",0.721655,"70","0",1,"RS"
"10561","525","1442",0.44499,"70","0",1,"RS"
"10571","525","1497",0.50221,"70","0",1,"RS"
"10581","525","1555",0.646865,"70","0",1,"RS"
"10591","525","1673",0.777617,"70","0",1,"RS"
"10601","525","2097",0.506292,"70","0",1,"RS"
"10611","622","764",0.501719,"70","0",1,"RS"
"10621","622","892",0.867455,"70","0",1,"RS"
"10631","622","970",0.858425,"70","0",1,"RS"
"10641","622","1182",0.432185,"70","0",1,"RS"
"10651","622","1306",0.746918,"70","0",1,"RS"
"10661","622","1442",0.474311,"70","0",1,"RS"
"10671","622","1497",0.565692,"70","0",1,"RS"
"10681","622","1555",0.70233,"70","0",1,"RS"
"10691","622","1673",0.851786,"70","0",1,"RS"
"10701","622","2097",0.575648,"70","0",1,"RS"
"10711","764","892",0.623449,"70","0",1,"RS"
"10721","764","970",0.636355,"70","0",1,"RS"
"10731","764","1182",0.242211,"70","0",1,"RS"
"10741","764","1306",0.555916,"70","0",1,"RS"
"10751","764","1442",0.2687,"70","0",1,"RS"
"10761","764","1497",0.340068,"70","0",1,"RS"
"10771","764","1555",0.455007,"70","0",1,"RS"
"10781","764","1673",0.634408,"70","0",1,"RS"
"10791","764","2097",0.35215,"70","0",1,"RS"
"10801","892","970",0.974812,"70","0",1,"RS"
"10811","892","1182",0.591605,"70","0",1,"RS"
"10821","892","1306",0.883318,"70","0",1,"RS"
"10831","892","1442",0.614444,"70","0",1,"RS"
"10841","892","1497",0.705491,"70","0",1,"RS"
"10851","892","1555",0.786513,"70","0",1,"RS"
"10861","892","1673",0.967018,"70","0",1,"RS"
"10871","892","2097",0.69726,"70","0",1,"RS"
"10881","970","1182",0.593263,"70","0",1,"RS"
"10891","970","1306",0.869667,"70","0",1,"RS"
"10901","970","1442",0.611173,"70","0",1,"RS"
"10911","970","1497",0.692078,"70","0",1,"RS"
"10921","970","1555",0.797611,"70","0",1,"RS"
"10931","970","1673",0.959988,"70","0",1,"RS"
"10941","970","2097",0.696685,"70","0",1,"RS"
"10951","1182","1306",0.497368,"70","0",1,"RS"
"10961","1182","1442",0.189024,"70","0",1,"RS"
"10971","1182","1497",0.319647,"70","0",1,"RS"
"10981","1182","1555",0.430031,"70","0",1,"RS"
"10991","1182","1673",0.60518,"70","0",1,"RS"
"11001","1182","2097",0.301204,"70","0",1,"RS"
"11011","1306","1442",0.503627,"70","0",1,"RS"
"11021","1306","1497",0.593604,"70","0",1,"RS"
"11031","1306","1555",0.711862,"70","0",1,"RS"
"11041","1306","1673",0.869099,"70","0",1,"RS"
"11051","1306","2097",0.587562,"70","0",1,"RS"
"11061","1442","1497",0.321453,"70","0",1,"RS"
"11071","1442","1555",0.439901,"70","0",1,"RS"
"11081","1442","1673",0.579823,"70","0",1,"RS"
"11091","1442","2097",0.287923,"70","0",1,"RS"
"11101","1497","1555",0.5285,"70","0",1,"RS"
"11111","1497","1673",0.679902,"70","0",1,"RS"
"11121","1497","2097",0.400852,"70","0",1,"RS"
"11131","1555","1673",0.787255,"70","0",1,"RS"
"11141","1555","2097",0.510221,"70","0",1,"RS"
"11151","1673","2097",0.681292,"70","0",1,"RS"
"10252","90","248",0.738122,"70","40",1,"RS"
"10262","90","525",0.57549,"70","40",1,"RS"
"10272","90","622",0.747677,"70","40",1,"RS"
"10282","90","764",0.472529,"70","40",1,"RS"
"10292","90","892",0.783596,"70","40",1,"RS"
"10302","90","970",0.726769,"70","40",1,"RS"
"10312","90","1182",0.43914,"70","40",1,"RS"
"10322","90","1306",0.748209,"70","40",1,"RS"
"10332","90","1442",0.490314,"70","40",1,"RS"
"10342","90","1497",0.525615,"70","40",1,"RS"
"10352","90","1555",0.654616,"70","40",1,"RS"
"10362","90","1673",0.761067,"70","40",1,"RS"
"10372","90","2097",0.650038,"70","40",1,"RS"
"10382","248","525",0.673985,"70","40",1,"RS"
"10392","248","622",0.819979,"70","40",1,"RS"
"10402","248","764",0.482846,"70","40",1,"RS"
"10412","248","892",0.877803,"70","40",1,"RS"
"10422","248","970",0.802992,"70","40",1,"RS"
"10432","248","1182",0.460313,"70","40",1,"RS"
"10442","248","1306",0.864297,"70","40",1,"RS"
"10452","248","1442",0.522873,"70","40",1,"RS"
"10462","248","1497",0.626403,"70","40",1,"RS"
"10472","248","1555",0.682075,"70","40",1,"RS"
"10482","248","1673",0.840451,"70","40",1,"RS"
"10492","248","2097",0.710902,"70","40",1,"RS"
"10502","525","622",0.689593,"70","40",1,"RS"
"10512","525","764",0.414324,"70","40",1,"RS"
"10522","525","892",0.709928,"70","40",1,"RS"
"10532","525","970",0.674105,"70","40",1,"RS"
"10542","525","1182",0.368935,"70","40",1,"RS"
"10552","525","1306",0.694572,"70","40",1,"RS"
"10562","525","1442",0.425695,"70","40",1,"RS"
"10572","525","1497",0.518654,"70","40",1,"RS"
"10582","525","1555",0.603869,"70","40",1,"RS"
"10592","525","1673",0.709952,"70","40",1,"RS"
"10602","525","2097",0.594078,"70","40",1,"RS"
"10612","622","764",0.52565,"70","40",1,"RS"
"10622","622","892",0.854059,"70","40",1,"RS"
"10632","622","970",0.804872,"70","40",1,"RS"
"10642","622","1182",0.523852,"70","40",1,"RS"
"10652","622","1306",0.848465,"70","40",1,"RS"
"10662","622","1442",0.540162,"70","40",1,"RS"
"10672","622","1497",0.659051,"70","40",1,"RS"
"10682","622","1555",0.737281,"70","40",1,"RS"
"10692","622","1673",0.831306,"70","40",1,"RS"
"10702","622","2097",0.734097,"70","40",1,"RS"
"10712","764","892",0.563903,"70","40",1,"RS"
"10722","764","970",0.516172,"70","40",1,"RS"
"10732","764","1182",0.218114,"70","40",1,"RS"
"10742","764","1306",0.548543,"70","40",1,"RS"
"10752","764","1442",0.267712,"70","40",1,"RS"
"10762","764","1497",0.365188,"70","40",1,"RS"
"10772","764","1555",0.44464,"70","40",1,"RS"
"10782","764","1673",0.53201,"70","40",1,"RS"
"10792","764","2097",0.421143,"70","40",1,"RS"
"10802","892","970",0.828557,"70","40",1,"RS"
"10812","892","1182",0.491266,"70","40",1,"RS"
"10822","892","1306",0.86918,"70","40",1,"RS"
"10832","892","1442",0.577653,"70","40",1,"RS"
"10842","892","1497",0.678573,"70","40",1,"RS"
"10852","892","1555",0.713334,"70","40",1,"RS"
"10862","892","1673",0.864488,"70","40",1,"RS"
"10872","892","2097",0.75641,"70","40",1,"RS"
"10882","970","1182",0.462604,"70","40",1,"RS"
"10892","970","1306",0.819816,"70","40",1,"RS"
"10902","970","1442",0.525627,"70","40",1,"RS"
"10912","970","1497",0.632877,"70","40",1,"RS"
"10922","970","1555",0.69206,"70","40",1,"RS"
"10932","970","1673",0.807503,"70","40",1,"RS"
"10942","970","2097",0.705294,"70","40",1,"RS"
"10952","1182","1306",0.531972,"70","40",1,"RS"
"10962","1182","1442",0.174494,"70","40",1,"RS"
"10972","1182","1497",0.359221,"70","40",1,"RS"
"10982","1182","1555",0.387797,"70","40",1,"RS"
"10992","1182","1673",0.522229,"70","40",1,"RS"
"11002","1182","2097",0.421293,"70","40",1,"RS"
"11012","1306","1442",0.599875,"70","40",1,"RS"
"11022","1306","1497",0.651251,"70","40",1,"RS"
"11032","1306","1555",0.734933,"70","40",1,"RS"
"11042","1306","1673",0.85956,"70","40",1,"RS"
"11052","1306","2097",0.72343,"70","40",1,"RS"
"11062","1442","1497",0.402921,"70","40",1,"RS"
"11072","1442","1555",0.47208,"70","40",1,"RS"
"11082","1442","1673",0.573331,"70","40",1,"RS"
"11092","1442","2097",0.477629,"70","40",1,"RS"
"11102","1497","1555",0.559324,"70","40",1,"RS"
"11112","1497","1673",0.673991,"70","40",1,"RS"
"11122","1497","2097",0.55849,"70","40",1,"RS"
"11132","1555","1673",0.731107,"70","40",1,"RS"
"11142","1555","2097",0.622018,"70","40",1,"RS"
"11152","1673","2097",0.739093,"70","40",1,"RS"
"10253","90","248",0.826697,"70","80",1,"RS"
"10263","90","525",0.637314,"70","80",1,"RS"
"10273","90","622",0.762483,"70","80",1,"RS"
"10283","90","764",0.509917,"70","80",1,"RS"
"10293","90","892",0.754918,"70","80",1,"RS"
"10303","90","970",0.806094,"70","80",1,"RS"
"10313","90","1182",0.490698,"70","80",1,"RS"
"10323","90","1306",0.8079,"70","80",1,"RS"
"10333","90","1442",0.490372,"70","80",1,"RS"
"10343","90","1497",0.635906,"70","80",1,"RS"
"10353","90","1555",0.623461,"70","80",1,"RS"
"10363","90","1673",0.80221,"70","80",1,"RS"
"10373","90","2097",0.625325,"70","80",1,"RS"
"10383","248","525",0.756696,"70","80",1,"RS"
"10393","248","622",0.889447,"70","80",1,"RS"
"10403","248","764",0.624462,"70","80",1,"RS"
"10413","248","892",0.926886,"70","80",1,"RS"
"10423","248","970",0.933746,"70","80",1,"RS"
"10433","248","1182",0.571273,"70","80",1,"RS"
"10443","248","1306",0.933747,"70","80",1,"RS"
"10453","248","1442",0.589766,"70","80",1,"RS"
"10463","248","1497",0.739379,"70","80",1,"RS"
"10473","248","1555",0.740278,"70","80",1,"RS"
"10483","248","1673",0.919112,"70","80",1,"RS"
"10493","248","2097",0.754952,"70","80",1,"RS"
"10503","525","622",0.720909,"70","80",1,"RS"
"10513","525","764",0.442866,"70","80",1,"RS"
"10523","525","892",0.709853,"70","80",1,"RS"
"10533","525","970",0.762935,"70","80",1,"RS"
"10543","525","1182",0.411838,"70","80",1,"RS"
"10553","525","1306",0.733133,"70","80",1,"RS"
"10563","525","1442",0.41151,"70","80",1,"RS"
"10573","525","1497",0.571251,"70","80",1,"RS"
"10583","525","1555",0.542848,"70","80",1,"RS"
"10593","525","1673",0.736468,"70","80",1,"RS"
"10603","525","2097",0.602378,"70","80",1,"RS"
"10613","622","764",0.582983,"70","80",1,"RS"
"10623","622","892",0.865763,"70","80",1,"RS"
"10633","622","970",0.889774,"70","80",1,"RS"
"10643","622","1182",0.539104,"70","80",1,"RS"
"10653","622","1306",0.881955,"70","80",1,"RS"
"10663","622","1442",0.546945,"70","80",1,"RS"
"10673","622","1497",0.670662,"70","80",1,"RS"
"10683","622","1555",0.689239,"70","80",1,"RS"
"10693","622","1673",0.85694,"70","80",1,"RS"
"10703","622","2097",0.686808,"70","80",1,"RS"
"10713","764","892",0.551322,"70","80",1,"RS"
"10723","764","970",0.622862,"70","80",1,"RS"
"10733","764","1182",0.241185,"70","80",1,"RS"
"10743","764","1306",0.616432,"70","80",1,"RS"
"10753","764","1442",0.261709,"70","80",1,"RS"
"10763","764","1497",0.441253,"70","80",1,"RS"
"10773","764","1555",0.41435,"70","80",1,"RS"
"10783","764","1673",0.609932,"70","80",1,"RS"
"10793","764","2097",0.466338,"70","80",1,"RS"
"10803","892","970",0.916342,"70","80",1,"RS"
"10813","892","1182",0.491258,"70","80",1,"RS"
"10823","892","1306",0.918748,"70","80",1,"RS"
"10833","892","1442",0.504061,"70","80",1,"RS"
"10843","892","1497",0.657297,"70","80",1,"RS"
"10853","892","1555",0.690319,"70","80",1,"RS"
"10863","892","1673",0.901219,"70","80",1,"RS"
"10873","892","2097",0.708116,"70","80",1,"RS"
"10883","970","1182",0.582949,"70","80",1,"RS"
"10893","970","1306",0.927415,"70","80",1,"RS"
"10903","970","1442",0.59006,"70","80",1,"RS"
"10913","970","1497",0.751052,"70","80",1,"RS"
"10923","970","1555",0.725564,"70","80",1,"RS"
"10933","970","1673",0.905032,"70","80",1,"RS"
"10943","970","2097",0.763857,"70","80",1,"RS"
"10953","1182","1306",0.572442,"70","80",1,"RS"
"10963","1182","1442",0.153403,"70","80",1,"RS"
"10973","1182","1497",0.402092,"70","80",1,"RS"
"10983","1182","1555",0.389341,"70","80",1,"RS"
"10993","1182","1673",0.548612,"70","80",1,"RS"
"11003","1182","2097",0.420947,"70","80",1,"RS"
"11013","1306","1442",0.592085,"70","80",1,"RS"
"11023","1306","1497",0.751042,"70","80",1,"RS"
"11033","1306","1555",0.718011,"70","80",1,"RS"
"11043","1306","1673",0.920702,"70","80",1,"RS"
"11053","1306","2097",0.768128,"70","80",1,"RS"
"11063","1442","1497",0.416537,"70","80",1,"RS"
"11073","1442","1555",0.405367,"70","80",1,"RS"
"11083","1442","1673",0.585829,"70","80",1,"RS"
"11093","1442","2097",0.414864,"70","80",1,"RS"
"11103","1497","1555",0.528101,"70","80",1,"RS"
"11113","1497","1673",0.714772,"70","80",1,"RS"
"11123","1497","2097",0.567559,"70","80",1,"RS"
"11133","1555","1673",0.730526,"70","80",1,"RS"
"11143","1555","2097",0.568892,"70","80",1,"RS"
"11153","1673","2097",0.75677,"70","80",1,"RS"
"924","90","248",0.936388,"80","0",1,"RS"
"925","90","525",0.781821,"80","0",1,"RS"
"926","90","764",0.656033,"80","0",1,"RS"
"927","90","892",0.936193,"80","0",1,"RS"
"928","90","970",0.945688,"80","0",1,"RS"
"929","90","1182",0.618033,"80","0",1,"RS"
"930","90","1306",0.899294,"80","0",1,"RS"
"931","90","1442",0.632546,"80","0",1,"RS"
"932","90","1497",0.755599,"80","0",1,"RS"
"933","90","1555",0.7977,"80","0",1,"RS"
"934","90","1673",0.911336,"80","0",1,"RS"
"935","90","2097",0.942029,"80","0",1,"RS"
"936","248","525",0.777319,"80","0",1,"RS"
"937","248","764",0.601781,"80","0",1,"RS"
"938","248","892",0.970285,"80","0",1,"RS"
"939","248","970",0.979816,"80","0",1,"RS"
"940","248","1182",0.593069,"80","0",1,"RS"
"941","248","1306",0.913807,"80","0",1,"RS"
"942","248","1442",0.615459,"80","0",1,"RS"
"943","248","1497",0.757093,"80","0",1,"RS"
"944","248","1555",0.784983,"80","0",1,"RS"
"945","248","1673",0.938089,"80","0",1,"RS"
"946","248","2097",0.975575,"80","0",1,"RS"
"947","525","764",0.525957,"80","0",1,"RS"
"948","525","892",0.81216,"80","0",1,"RS"
"949","525","970",0.805355,"80","0",1,"RS"
"950","525","1182",0.49841,"80","0",1,"RS"
"951","525","1306",0.766566,"80","0",1,"RS"
"952","525","1442",0.458303,"80","0",1,"RS"
"953","525","1497",0.619979,"80","0",1,"RS"
"954","525","1555",0.680714,"80","0",1,"RS"
"955","525","1673",0.791112,"80","0",1,"RS"
"956","525","2097",0.819272,"80","0",1,"RS"
"957","764","892",0.686418,"80","0",1,"RS"
"958","764","970",0.624388,"80","0",1,"RS"
"959","764","1182",0.34207,"80","0",1,"RS"
"960","764","1306",0.625478,"80","0",1,"RS"
"961","764","1442",0.374422,"80","0",1,"RS"
"962","764","1497",0.494384,"80","0",1,"RS"
"963","764","1555",0.528766,"80","0",1,"RS"
"964","764","1673",0.644489,"80","0",1,"RS"
"965","764","2097",0.672561,"80","0",1,"RS"
"966","892","970",0.972848,"80","0",1,"RS"
"967","892","1182",0.655675,"80","0",1,"RS"
"968","892","1306",0.921286,"80","0",1,"RS"
"969","892","1442",0.654871,"80","0",1,"RS"
"970","892","1497",0.795,"80","0",1,"RS"
"971","892","1555",0.823544,"80","0",1,"RS"
"972","892","1673",0.944173,"80","0",1,"RS"
"973","892","2097",0.971667,"80","0",1,"RS"
"974","970","1182",0.642278,"80","0",1,"RS"
"975","970","1306",0.929194,"80","0",1,"RS"
"976","970","1442",0.669894,"80","0",1,"RS"
"977","970","1497",0.7999,"80","0",1,"RS"
"978","970","1555",0.800858,"80","0",1,"RS"
"979","970","1673",0.954985,"80","0",1,"RS"
"980","970","2097",0.980326,"80","0",1,"RS"
"981","1182","1306",0.603956,"80","0",1,"RS"
"982","1182","1442",0.249031,"80","0",1,"RS"
"983","1182","1497",0.467692,"80","0",1,"RS"
"984","1182","1555",0.524417,"80","0",1,"RS"
"985","1182","1673",0.641309,"80","0",1,"RS"
"986","1182","2097",0.65512,"80","0",1,"RS"
"987","1306","1442",0.616355,"80","0",1,"RS"
"988","1306","1497",0.754276,"80","0",1,"RS"
"989","1306","1555",0.789833,"80","0",1,"RS"
"990","1306","1673",0.907562,"80","0",1,"RS"
"991","1306","2097",0.926504,"80","0",1,"RS"
"992","1442","1497",0.49584,"80","0",1,"RS"
"993","1442","1555",0.517287,"80","0",1,"RS"
"994","1442","1673",0.648668,"80","0",1,"RS"
"995","1442","2097",0.676505,"80","0",1,"RS"
"996","1497","1555",0.652197,"80","0",1,"RS"
"997","1497","1673",0.751639,"80","0",1,"RS"
"998","1497","2097",0.784353,"80","0",1,"RS"
"999","1555","1673",0.806588,"80","0",1,"RS"
"1000","1555","2097",0.835116,"80","0",1,"RS"
"1001","1673","2097",0.949371,"80","0",1,"RS"
"9491","90","248",0.907244,"80","40",1,"RS"
"9501","90","525",0.778212,"80","40",1,"RS"
"9511","90","764",0.563912,"80","40",1,"RS"
"9521","90","892",0.893313,"80","40",1,"RS"
"9531","90","1182",0.60002,"80","40",1,"RS"
"9541","90","1306",0.916652,"80","40",1,"RS"
"9551","90","1442",0.594026,"80","40",1,"RS"
"9561","90","1497",0.702164,"80","40",1,"RS"
"9571","90","1555",0.746125,"80","40",1,"RS"
"9581","90","1673",0.865069,"80","40",1,"RS"
"9591","90","2097",0.857005,"80","40",1,"RS"
"9601","248","525",0.820658,"80","40",1,"RS"
"9611","248","764",0.602233,"80","40",1,"RS"
"9621","248","892",0.981089,"80","40",1,"RS"
"9631","248","1182",0.581215,"80","40",1,"RS"
"9641","248","1306",0.984763,"80","40",1,"RS"
"9651","248","1442",0.61974,"80","40",1,"RS"
"9661","248","1497",0.740861,"80","40",1,"RS"
"9671","248","1555",0.77134,"80","40",1,"RS"
"9681","248","1673",0.949728,"80","40",1,"RS"
"9691","248","2097",0.907475,"80","40",1,"RS"
"9701","525","764",0.502762,"80","40",1,"RS"
"9711","525","892",0.830497,"80","40",1,"RS"
"9721","525","1182",0.525558,"80","40",1,"RS"
"9731","525","1306",0.838804,"80","40",1,"RS"
"9741","525","1442",0.533756,"80","40",1,"RS"
"9751","525","1497",0.616535,"80","40",1,"RS"
"9761","525","1555",0.689286,"80","40",1,"RS"
"9771","525","1673",0.729446,"80","40",1,"RS"
"9781","525","2097",0.785627,"80","40",1,"RS"
"9791","764","892",0.576086,"80","40",1,"RS"
"9801","764","1182",0.309427,"80","40",1,"RS"
"9811","764","1306",0.643399,"80","40",1,"RS"
"9821","764","1442",0.327374,"80","40",1,"RS"
"9831","764","1497",0.384214,"80","40",1,"RS"
"9841","764","1555",0.478624,"80","40",1,"RS"
"9851","764","1673",0.544671,"80","40",1,"RS"
"9861","764","2097",0.575233,"80","40",1,"RS"
"9871","892","1182",0.607698,"80","40",1,"RS"
"9881","892","1306",0.970879,"80","40",1,"RS"
"9891","892","1442",0.616796,"80","40",1,"RS"
"9901","892","1497",0.725996,"80","40",1,"RS"
"9911","892","1555",0.788486,"80","40",1,"RS"
"9921","892","1673",0.938928,"80","40",1,"RS"
"9931","892","2097",0.906943,"80","40",1,"RS"
"9941","1182","1306",0.650028,"80","40",1,"RS"
"9951","1182","1442",0.265811,"80","40",1,"RS"
"9961","1182","1497",0.455892,"80","40",1,"RS"
"9971","1182","1555",0.479729,"80","40",1,"RS"
"9981","1182","1673",0.550916,"80","40",1,"RS"
"9991","1182","2097",0.60719,"80","40",1,"RS"
"10001","1306","1442",0.645317,"80","40",1,"RS"
"10011","1306","1497",0.759643,"80","40",1,"RS"
"10021","1306","1555",0.802863,"80","40",1,"RS"
"1003","1306","1673",0.952146,"80","40",1,"RS"
"1004","1306","2097",0.906514,"80","40",1,"RS"
"1005","1442","1497",0.450125,"80","40",1,"RS"
"1006","1442","1555",0.496836,"80","40",1,"RS"
"1007","1442","1673",0.549515,"80","40",1,"RS"
"1008","1442","2097",0.585237,"80","40",1,"RS"
"1009","1497","1555",0.606038,"80","40",1,"RS"
"1010","1497","1673",0.665637,"80","40",1,"RS"
"1011","1497","2097",0.710345,"80","40",1,"RS"
"1012","1555","1673",0.759041,"80","40",1,"RS"
"1013","1555","2097",0.77371,"80","40",1,"RS"
"1014","1673","2097",0.865567,"80","40",1,"RS"
"9361","90","525",0.778258,"80","80",1,"RS"
"9371","90","622",0.95106,"80","80",1,"RS"
"9381","90","764",0.629644,"80","80",1,"RS"
"9391","90","892",0.949071,"80","80",1,"RS"
"9401","90","1182",0.588528,"80","80",1,"RS"
"9411","90","1306",0.94517,"80","80",1,"RS"
"9421","90","1442",0.648908,"80","80",1,"RS"
"9431","90","1497",0.819012,"80","80",1,"RS"
"9441","90","1555",0.783021,"80","80",1,"RS"
"9451","90","1673",0.94889,"80","80",1,"RS"
"9461","90","2097",0.908256,"80","80",1,"RS"
"9471","525","622",0.799453,"80","80",1,"RS"
"9482","525","764",0.52854,"80","80",1,"RS"
"9492","525","892",0.781026,"80","80",1,"RS"
"9502","525","1182",0.503155,"80","80",1,"RS"
"9512","525","1306",0.818319,"80","80",1,"RS"
"9522","525","1442",0.530427,"80","80",1,"RS"
"9532","525","1497",0.712465,"80","80",1,"RS"
"9542","525","1555",0.694852,"80","80",1,"RS"
"9552","525","1673",0.832635,"80","80",1,"RS"
"9562","525","2097",0.79667,"80","80",1,"RS"
"9572","622","764",0.651318,"80","80",1,"RS"
"9582","622","892",1,"80","80",1,"RS"
"9592","622","1182",0.568916,"80","80",1,"RS"
"9602","622","1306",0.987822,"80","80",1,"RS"
"9612","622","1442",0.59947,"80","80",1,"RS"
"9622","622","1497",0.809938,"80","80",1,"RS"
"9632","622","1555",0.797772,"80","80",1,"RS"
"9642","622","1673",0.979759,"80","80",1,"RS"
"9652","622","2097",0.917243,"80","80",1,"RS"
"9662","764","892",0.617032,"80","80",1,"RS"
"9672","764","1182",0.340435,"80","80",1,"RS"
"9682","764","1306",0.683318,"80","80",1,"RS"
"9692","764","1442",0.371442,"80","80",1,"RS"
"9702","764","1497",0.50647,"80","80",1,"RS"
"9712","764","1555",0.548449,"80","80",1,"RS"
"9722","764","1673",0.699736,"80","80",1,"RS"
"9732","764","2097",0.63073,"80","80",1,"RS"
"9742","892","1182",0.546939,"80","80",1,"RS"
"9752","892","1306",0.987296,"80","80",1,"RS"
"9762","892","1442",0.592665,"80","80",1,"RS"
"9772","892","1497",0.807018,"80","80",1,"RS"
"9782","892","1555",0.792666,"80","80",1,"RS"
"9792","892","1673",0.977443,"80","80",1,"RS"
"9802","892","2097",0.920029,"80","80",1,"RS"
"9812","1182","1306",0.611179,"80","80",1,"RS"
"9822","1182","1442",0.175142,"80","80",1,"RS"
"9832","1182","1497",0.461497,"80","80",1,"RS"
"9842","1182","1555",0.430549,"80","80",1,"RS"
"9852","1182","1673",0.596866,"80","80",1,"RS"
"9862","1182","2097",0.590674,"80","80",1,"RS"
"9872","1306","1442",0.664698,"80","80",1,"RS"
"9882","1306","1497",0.848407,"80","80",1,"RS"
"9892","1306","1555",0.835595,"80","80",1,"RS"
"9902","1306","1673",0.975921,"80","80",1,"RS"
"9912","1306","2097",0.935335,"80","80",1,"RS"
"9922","1442","1497",0.458314,"80","80",1,"RS"
"9932","1442","1555",0.486688,"80","80",1,"RS"
"9942","1442","1673",0.653905,"80","80",1,"RS"
"9952","1442","2097",0.620045,"80","80",1,"RS"
"9962","1497","1555",0.692929,"80","80",1,"RS"
"9972","1497","1673",0.845768,"80","80",1,"RS"
"9982","1497","2097",0.770078,"80","80",1,"RS"
"9992","1555","1673",0.827739,"80","80",1,"RS"
"10002","1555","2097",0.78299,"80","80",1,"RS"
"10012","1673","2097",0.930637,"80","80",1,"RS"
"1","90","248",0.355485269554711,"0","0",1,"R"
"2","90","525",0.229074889867841,"0","0",1,"R"
"3","90","622",0.325042135728641,"0","0",1,"R"
"4","90","764",0.207408604882104,"0","0",1,"R"
"5","90","892",0.387509348937631,"0","0",1,"R"
"6","90","970",0.354147450410413,"0","0",1,"R"
"7","90","1182",0.202218981336189,"0","0",1,"R"
"8","90","1306",0.285471486377627,"0","0",1,"R"
"9","90","1442",0.195581546458739,"0","0",1,"R"
"10","90","1497",0.237702951105354,"0","0",1,"R"
"11","90","1555",0.247784595211295,"0","0",1,"R"
"12","90","1673",0.407035039455585,"0","0",1,"R"
"13","90","2097",0.224178258088537,"0","0",1,"R"
"14","248","525",0.285912578529787,"0","0",1,"R"
"15","248","622",0.421423096010867,"0","0",1,"R"
"16","248","764",0.264536888071708,"0","0",1,"R"
"17","248","892",0.46622569424645,"0","0",1,"R"
"18","248","970",0.433076702317814,"0","0",1,"R"
"19","248","1182",0.256850948950976,"0","0",1,"R"
"20","248","1306",0.362034575224198,"0","0",1,"R"
"21","248","1442",0.253091516347369,"0","0",1,"R"
"22","248","1497",0.313401901840211,"0","0",1,"R"
"23","248","1555",0.329346403885544,"0","0",1,"R"
"24","248","1673",0.455096935873902,"0","0",1,"R"
"25","248","2097",0.303793632366859,"0","0",1,"R"
"26","525","622",0.287648858272621,"0","0",1,"R"
"27","525","764",0.128137811816799,"0","0",1,"R"
"28","525","892",0.319774089601885,"0","0",1,"R"
"29","525","970",0.280070480669844,"0","0",1,"R"
"30","525","1182",0.106463073194833,"0","0",1,"R"
"31","525","1306",0.199229667206839,"0","0",1,"R"
"32","525","1442",0.109671534980531,"0","0",1,"R"
"33","525","1497",0.167198799416306,"0","0",1,"R"
"34","525","1555",0.174965697339884,"0","0",1,"R"
"35","525","1673",0.309957571337703,"0","0",1,"R"
"36","525","2097",0.155109175647984,"0","0",1,"R"
"37","622","764",0.263577416804394,"0","0",1,"R"
"38","622","892",0.441400110445606,"0","0",1,"R"
"39","622","970",0.404442022585919,"0","0",1,"R"
"40","622","1182",0.241931990470002,"0","0",1,"R"
"41","622","1306",0.326332917812521,"0","0",1,"R"
"42","622","1442",0.245168348122037,"0","0",1,"R"
"43","622","1497",0.282225696357913,"0","0",1,"R"
"44","622","1555",0.318942221078368,"0","0",1,"R"
"45","622","1673",0.45993216867661,"0","0",1,"R"
"46","622","2097",0.272310162881395,"0","0",1,"R"
"47","764","892",0.272714273798601,"0","0",1,"R"
"48","764","970",0.257481329819489,"0","0",1,"R"
"49","764","1182",0.0924852535826009,"0","0",1,"R"
"50","764","1306",0.173509821709762,"0","0",1,"R"
"51","764","1442",0.0858258631401438,"0","0",1,"R"
"52","764","1497",0.15299432763972,"0","0",1,"R"
"53","764","1555",0.147927501675607,"0","0",1,"R"
"54","764","1673",0.27217096368682,"0","0",1,"R"
"55","764","2097",0.146531152928361,"0","0",1,"R"
"56","892","970",0.457448014694211,"0","0",1,"R"
"57","892","1182",0.301378851554926,"0","0",1,"R"
"58","892","1306",0.383346596916274,"0","0",1,"R"
"59","892","1442",0.303018326765207,"0","0",1,"R"
"60","892","1497",0.327025114962858,"0","0",1,"R"
"61","892","1555",0.331337396321502,"0","0",1,"R"
"62","892","1673",0.435249523031829,"0","0",1,"R"
"63","892","2097",0.332182458622021,"0","0",1,"R"
"64","970","1182",0.248312199641017,"0","0",1,"R"
"65","970","1306",0.335177606276422,"0","0",1,"R"
"66","970","1442",0.221304317660372,"0","0",1,"R"
"67","970","1497",0.294279336617042,"0","0",1,"R"
"68","970","1555",0.30843988349847,"0","0",1,"R"
"69","970","1673",0.418433724761342,"0","0",1,"R"
"70","970","2097",0.28335781880437,"0","0",1,"R"
"71","1182","1306",0.178011613388352,"0","0",1,"R"
"72","1182","1442",0.0436978053991066,"0","0",1,"R"
"73","1182","1497",0.132963501486428,"0","0",1,"R"
"74","1182","1555",0.153794771392376,"0","0",1,"R"
"75","1182","1673",0.265266767677247,"0","0",1,"R"
"76","1182","2097",0.11354584044587,"0","0",1,"R"
"77","1306","1442",0.186883894530758,"0","0",1,"R"
"78","1306","1497",0.23648043091565,"0","0",1,"R"
"79","1306","1555",0.236326109391125,"0","0",1,"R"
"80","1306","1673",0.384455779372352,"0","0",1,"R"
"81","1306","2097",0.217157195267078,"0","0",1,"R"
"82","1442","1497",0.119641102488878,"0","0",1,"R"
"83","1442","1555",0.150783732308955,"0","0",1,"R"
"84","1442","1673",0.283010846107278,"0","0",1,"R"
"85","1442","2097",0.120111830613395,"0","0",1,"R"
"86","1497","1555",0.187312325429162,"0","0",1,"R"
"87","1497","1673",0.332762888348011,"0","0",1,"R"
"88","1497","2097",0.196942288880163,"0","0",1,"R"
"89","1555","1673",0.318919334088596,"0","0",1,"R"
"90","1555","2097",0.198505751377742,"0","0",1,"R"
"91","1673","2097",0.335412662423608,"0","0",1,"R"
"92","90","248",0.793055938275007,"70","0",1,"R"
"93","90","525",0.619104587276953,"70","0",1,"R"
"94","90","622",0.675533428165007,"70","0",1,"R"
"95","90","764",0.426026839390296,"70","0",1,"R"
"96","90","892",0.808636524196397,"70","0",1,"R"
"97","90","970",0.79790585618977,"70","0",1,"R"
"98","90","1182",0.404086754928822,"70","0",1,"R"
"99","90","1306",0.710313952820984,"70","0",1,"R"
"100","90","1442",0.449068104559841,"70","0",1,"R"
"101","90","1497",0.521485488571937,"70","0",1,"R"
"102","90","1555",0.616874464642619,"70","0",1,"R"
"103","90","1673",0.772894699636126,"70","0",1,"R"
"104","90","2097",0.512910450143906,"70","0",1,"R"
"105","248","525",0.799574100615339,"70","0",1,"R"
"106","248","622",0.856053082964702,"70","0",1,"R"
"107","248","764",0.629173217109227,"70","0",1,"R"
"108","248","892",0.970025566428634,"70","0",1,"R"
"109","248","970",0.966574131777236,"70","0",1,"R"
"110","248","1182",0.604588163294694,"70","0",1,"R"
"111","248","1306",0.875234962406015,"70","0",1,"R"
"112","248","1442",0.596236695984992,"70","0",1,"R"
"113","248","1497",0.679285111173656,"70","0",1,"R"
"114","248","1555",0.787842819369656,"70","0",1,"R"
"115","248","1673",0.959473684210526,"70","0",1,"R"
"116","248","2097",0.681261343012704,"70","0",1,"R"
"117","525","622",0.700700722827649,"70","0",1,"R"
"118","525","764",0.45362347106517,"70","0",1,"R"
"119","525","892",0.810588549075391,"70","0",1,"R"
"120","525","970",0.804047880116959,"70","0",1,"R"
"121","525","1182",0.435284663467465,"70","0",1,"R"
"122","525","1306",0.72165498340687,"70","0",1,"R"
"123","525","1442",0.44499019925889,"70","0",1,"R"
"124","525","1497",0.50220990515326,"70","0",1,"R"
"125","525","1555",0.646865365760813,"70","0",1,"R"
"126","525","1673",0.777616523018294,"70","0",1,"R"
"127","525","2097",0.506292374903118,"70","0",1,"R"
"128","622","764",0.501719026737259,"70","0",1,"R"
"129","622","892",0.867454529478956,"70","0",1,"R"
"130","622","970",0.858424772177794,"70","0",1,"R"
"131","622","1182",0.432185351362112,"70","0",1,"R"
"132","622","1306",0.746918227515038,"70","0",1,"R"
"133","622","1442",0.474311006537965,"70","0",1,"R"
"134","622","1497",0.565691832459494,"70","0",1,"R"
"135","622","1555",0.70232977564223,"70","0",1,"R"
"136","622","1673",0.851786201254431,"70","0",1,"R"
"137","622","2097",0.575647554488858,"70","0",1,"R"
"138","764","892",0.623449248120301,"70","0",1,"R"
"139","764","970",0.636354591582927,"70","0",1,"R"
"140","764","1182",0.242210563923206,"70","0",1,"R"
"141","764","1306",0.5559161896293,"70","0",1,"R"
"142","764","1442",0.268700481814105,"70","0",1,"R"
"143","764","1497",0.340067716410751,"70","0",1,"R"
"144","764","1555",0.455006690454951,"70","0",1,"R"
"145","764","1673",0.634408221276671,"70","0",1,"R"
"146","764","2097",0.352150361758913,"70","0",1,"R"
"147","892","970",0.974812030075188,"70","0",1,"R"
"148","892","1182",0.591604546154849,"70","0",1,"R"
"149","892","1306",0.883317669172932,"70","0",1,"R"
"150","892","1442",0.614443885600898,"70","0",1,"R"
"151","892","1497",0.705491164734942,"70","0",1,"R"
"152","892","1555",0.78651265259924,"70","0",1,"R"
"153","892","1673",0.967017543859649,"70","0",1,"R"
"154","892","2097",0.697260189251036,"70","0",1,"R"
"155","970","1182",0.593262932008132,"70","0",1,"R"
"156","970","1306",0.869666770476487,"70","0",1,"R"
"157","970","1442",0.611172668513389,"70","0",1,"R"
"158","970","1497",0.692077659182922,"70","0",1,"R"
"159","970","1555",0.797611116398592,"70","0",1,"R"
"160","970","1673",0.959987688519544,"70","0",1,"R"
"161","970","2097",0.696685180287402,"70","0",1,"R"
"162","1182","1306",0.497368183738271,"70","0",1,"R"
"163","1182","1442",0.189024480147048,"70","0",1,"R"
"164","1182","1497",0.319646743197964,"70","0",1,"R"
"165","1182","1555",0.430030619908718,"70","0",1,"R"
"166","1182","1673",0.605179594483478,"70","0",1,"R"
"167","1182","2097",0.301203975103056,"70","0",1,"R"
"168","1306","1442",0.50362741179202,"70","0",1,"R"
"169","1306","1497",0.593603966124257,"70","0",1,"R"
"170","1306","1555",0.711862437550831,"70","0",1,"R"
"171","1306","1673",0.869099078125337,"70","0",1,"R"
"172","1306","2097",0.5875623994076,"70","0",1,"R"
"173","1442","1497",0.321452970129661,"70","0",1,"R"
"174","1442","1555",0.439900661103133,"70","0",1,"R"
"175","1442","1673",0.579822939974706,"70","0",1,"R"
"176","1442","2097",0.287922854685824,"70","0",1,"R"
"177","1497","1555",0.52850025659541,"70","0",1,"R"
"178","1497","1673",0.679901779095626,"70","0",1,"R"
"179","1497","2097",0.400851518479885,"70","0",1,"R"
"180","1555","1673",0.787255312666616,"70","0",1,"R"
"181","1555","2097",0.510220725030872,"70","0",1,"R"
"182","1673","2097",0.681291539428777,"70","0",1,"R"
"183","90","248",0.738122191965097,"70","40",1,"R"
"184","90","525",0.57548999867402,"70","40",1,"R"
"185","90","622",0.74767736952444,"70","40",1,"R"
"186","90","764",0.472528742272806,"70","40",1,"R"
"187","90","892",0.78359649122807,"70","40",1,"R"
"188","90","970",0.726769236273061,"70","40",1,"R"
"189","90","1182",0.439139969076414,"70","40",1,"R"
"190","90","1306",0.748208697935535,"70","40",1,"R"
"191","90","1442",0.490314248816186,"70","40",1,"R"
"192","90","1497",0.525614702789324,"70","40",1,"R"
"193","90","1555",0.654615758351936,"70","40",1,"R"
"194","90","1673",0.761067233025818,"70","40",1,"R"
"195","90","2097",0.650037682365778,"70","40",1,"R"
"196","248","525",0.673984857303739,"70","40",1,"R"
"197","248","622",0.819979191143062,"70","40",1,"R"
"198","248","764",0.482846416384453,"70","40",1,"R"
"199","248","892",0.877802753755255,"70","40",1,"R"
"200","248","970",0.802991653764125,"70","40",1,"R"
"201","248","1182",0.46031274438491,"70","40",1,"R"
"202","248","1306",0.864297168907896,"70","40",1,"R"
"203","248","1442",0.522873351506353,"70","40",1,"R"
"204","248","1497",0.62640316906188,"70","40",1,"R"
"205","248","1555",0.682074994116696,"70","40",1,"R"
"206","248","1673",0.840450802963612,"70","40",1,"R"
"207","248","2097",0.710901857694731,"70","40",1,"R"
"208","525","622",0.689592536945261,"70","40",1,"R"
"209","525","764",0.414323602673691,"70","40",1,"R"
"210","525","892",0.709928498178192,"70","40",1,"R"
"211","525","970",0.674104835403782,"70","40",1,"R"
"212","525","1182",0.368934531450578,"70","40",1,"R"
"213","525","1306",0.694571732810088,"70","40",1,"R"
"214","525","1442",0.425694763131375,"70","40",1,"R"
"215","525","1497",0.518654016513724,"70","40",1,"R"
"216","525","1555",0.603869348407947,"70","40",1,"R"
"217","525","1673",0.709952061277239,"70","40",1,"R"
"218","525","2097",0.59407793052957,"70","40",1,"R"
"219","622","764",0.525649566955363,"70","40",1,"R"
"220","622","892",0.85405872193437,"70","40",1,"R"
"221","622","970",0.804872190617675,"70","40",1,"R"
"222","622","1182",0.523852336683869,"70","40",1,"R"
"223","622","1306",0.848464912280702,"70","40",1,"R"
"224","622","1442",0.540161631376184,"70","40",1,"R"
"225","622","1497",0.65905066507117,"70","40",1,"R"
"226","622","1555",0.737280701754386,"70","40",1,"R"
"227","622","1673",0.831305512735814,"70","40",1,"R"
"228","622","2097",0.734097446369365,"70","40",1,"R"
"229","764","892",0.563903120633442,"70","40",1,"R"
"230","764","970",0.516172348967407,"70","40",1,"R"
"231","764","1182",0.218114490378195,"70","40",1,"R"
"232","764","1306",0.548543233082707,"70","40",1,"R"
"233","764","1442",0.267712213749372,"70","40",1,"R"
"234","764","1497",0.365188087344859,"70","40",1,"R"
"235","764","1555",0.444640104650259,"70","40",1,"R"
"236","764","1673",0.532010322531496,"70","40",1,"R"
"237","764","2097",0.421142729785993,"70","40",1,"R"
"238","892","970",0.828557293450546,"70","40",1,"R"
"239","892","1182",0.491266103769475,"70","40",1,"R"
"240","892","1306",0.869179926560588,"70","40",1,"R"
"241","892","1442",0.577652594861488,"70","40",1,"R"
"242","892","1497",0.678572746733594,"70","40",1,"R"
"243","892","1555",0.713334067386038,"70","40",1,"R"
"244","892","1673",0.864487731784979,"70","40",1,"R"
"245","892","2097",0.756409723281076,"70","40",1,"R"
"246","970","1182",0.462603620637782,"70","40",1,"R"
"247","970","1306",0.819816445027159,"70","40",1,"R"
"248","970","1442",0.525627044711014,"70","40",1,"R"
"249","970","1497",0.632877379331488,"70","40",1,"R"
"250","970","1555",0.692059793371784,"70","40",1,"R"
"251","970","1673",0.807503121571002,"70","40",1,"R"
"252","970","2097",0.705294237286586,"70","40",1,"R"
"253","1182","1306",0.531972345724994,"70","40",1,"R"
"254","1182","1442",0.174493946818015,"70","40",1,"R"
"255","1182","1497",0.359221133019226,"70","40",1,"R"
"256","1182","1555",0.38779678821893,"70","40",1,"R"
"257","1182","1673",0.522228577008384,"70","40",1,"R"
"258","1182","2097",0.421292749579794,"70","40",1,"R"
"259","1306","1442",0.599875322824829,"70","40",1,"R"
"260","1306","1497",0.65125080102047,"70","40",1,"R"
"261","1306","1555",0.734933490236887,"70","40",1,"R"
"262","1306","1673",0.859559613319012,"70","40",1,"R"
"263","1306","2097",0.723429751858927,"70","40",1,"R"
"264","1442","1497",0.40292132911933,"70","40",1,"R"
"265","1442","1555",0.472080427431106,"70","40",1,"R"
"266","1442","1673",0.573331356299363,"70","40",1,"R"
"267","1442","2097",0.47762926827069,"70","40",1,"R"
"268","1497","1555",0.55932356664858,"70","40",1,"R"
"269","1497","1673",0.673991228070175,"70","40",1,"R"
"270","1497","2097",0.558489657515599,"70","40",1,"R"
"271","1555","1673",0.731106855756105,"70","40",1,"R"
"272","1555","2097",0.62201789206078,"70","40",1,"R"
"273","1673","2097",0.739092872570194,"70","40",1,"R"
"274","90","248",0.826696902364211,"70","80",1,"R"
"275","90","525",0.637314439946019,"70","80",1,"R"
"276","90","622",0.762483130904184,"70","80",1,"R"
"277","90","764",0.509916761813561,"70","80",1,"R"
"278","90","892",0.754918196314297,"70","80",1,"R"
"279","90","970",0.806094182825485,"70","80",1,"R"
"280","90","1182",0.490697777188563,"70","80",1,"R"
"281","90","1306",0.80789963736156,"70","80",1,"R"
"282","90","1442",0.490372217066027,"70","80",1,"R"
"283","90","1497",0.635906070646172,"70","80",1,"R"
"284","90","1555",0.623460731551583,"70","80",1,"R"
"285","90","1673",0.802210151713804,"70","80",1,"R"
"286","90","2097",0.625324549553415,"70","80",1,"R"
"287","248","525",0.756695972129156,"70","80",1,"R"
"288","248","622",0.889446969820875,"70","80",1,"R"
"289","248","764",0.624462160804542,"70","80",1,"R"
"290","248","892",0.926885848667067,"70","80",1,"R"
"291","248","970",0.933745754349317,"70","80",1,"R"
"292","248","1182",0.571272742173863,"70","80",1,"R"
"293","248","1306",0.93374706958781,"70","80",1,"R"
"294","248","1442",0.589766029460635,"70","80",1,"R"
"295","248","1497",0.739378733410142,"70","80",1,"R"
"296","248","1555",0.74027837522732,"70","80",1,"R"
"297","248","1673",0.919111727959642,"70","80",1,"R"
"298","248","2097",0.754952368366159,"70","80",1,"R"
"299","525","622",0.720908501888672,"70","80",1,"R"
"300","525","764",0.442865895245471,"70","80",1,"R"
"301","525","892",0.70985348275127,"70","80",1,"R"
"302","525","970",0.762935256924036,"70","80",1,"R"
"303","525","1182",0.411838295336422,"70","80",1,"R"
"304","525","1306",0.733132832080201,"70","80",1,"R"
"305","525","1442",0.41150960679955,"70","80",1,"R"
"306","525","1497",0.571250941632405,"70","80",1,"R"
"307","525","1555",0.542848489294089,"70","80",1,"R"
"308","525","1673",0.736467503277767,"70","80",1,"R"
"309","525","2097",0.602378257190272,"70","80",1,"R"
"310","622","764",0.582983449359374,"70","80",1,"R"
"311","622","892",0.86576310328268,"70","80",1,"R"
"312","622","970",0.889774041172379,"70","80",1,"R"
"313","622","1182",0.539103536561476,"70","80",1,"R"
"314","622","1306",0.881954887218045,"70","80",1,"R"
"315","622","1442",0.54694546005037,"70","80",1,"R"
"316","622","1497",0.670661803022408,"70","80",1,"R"
"317","622","1555",0.689238616458373,"70","80",1,"R"
"318","622","1673",0.856939646413331,"70","80",1,"R"
"319","622","2097",0.686808313925297,"70","80",1,"R"
"320","764","892",0.551322465173812,"70","80",1,"R"
"321","764","970",0.622862013969092,"70","80",1,"R"
"322","764","1182",0.241185139036985,"70","80",1,"R"
"323","764","1306",0.616432481815618,"70","80",1,"R"
"324","764","1442",0.261709058540558,"70","80",1,"R"
"325","764","1497",0.44125309836985,"70","80",1,"R"
"326","764","1555",0.414350168726812,"70","80",1,"R"
"327","764","1673",0.609931590604165,"70","80",1,"R"
"328","764","2097",0.466337984454582,"70","80",1,"R"
"329","892","970",0.916341951674235,"70","80",1,"R"
"330","892","1182",0.491258300296561,"70","80",1,"R"
"331","892","1306",0.918747808222578,"70","80",1,"R"
"332","892","1442",0.50406111868475,"70","80",1,"R"
"333","892","1497",0.657297117452202,"70","80",1,"R"
"334","892","1555",0.690319175400646,"70","80",1,"R"
"335","892","1673",0.901219010634019,"70","80",1,"R"
"336","892","2097",0.708115914867139,"70","80",1,"R"
"337","970","1182",0.58294893425116,"70","80",1,"R"
"338","970","1306",0.927414703831239,"70","80",1,"R"
"339","970","1442",0.590060302924542,"70","80",1,"R"
"340","970","1497",0.751052211357911,"70","80",1,"R"
"341","970","1555",0.725563909774436,"70","80",1,"R"
"342","970","1673",0.905032041180796,"70","80",1,"R"
"343","970","2097",0.763857283929415,"70","80",1,"R"
"344","1182","1306",0.572441761677001,"70","80",1,"R"
"345","1182","1442",0.153402987989454,"70","80",1,"R"
"346","1182","1497",0.402091527483774,"70","80",1,"R"
"347","1182","1555",0.389341060625329,"70","80",1,"R"
"348","1182","1673",0.54861186038761,"70","80",1,"R"
"349","1182","2097",0.420946569571036,"70","80",1,"R"
"350","1306","1442",0.592084563795435,"70","80",1,"R"
"351","1306","1497",0.751041749608514,"70","80",1,"R"
"352","1306","1555",0.718010622887494,"70","80",1,"R"
"353","1306","1673",0.920701754385965,"70","80",1,"R"
"354","1306","2097",0.768128161888702,"70","80",1,"R"
"355","1442","1497",0.416536990755399,"70","80",1,"R"
"356","1442","1555",0.405367187112987,"70","80",1,"R"
"357","1442","1673",0.585829143232583,"70","80",1,"R"
"358","1442","2097",0.414863825346915,"70","80",1,"R"
"359","1497","1555",0.528101275414758,"70","80",1,"R"
"360","1497","1673",0.714772038812544,"70","80",1,"R"
"361","1497","2097",0.567559316624382,"70","80",1,"R"
"362","1555","1673",0.730526315789474,"70","80",1,"R"
"363","1555","2097",0.56889224560652,"70","80",1,"R"
"364","1673","2097",0.756770310932798,"70","80",1,"R"
"365","90","248",0.936388298503459,"80","0",1,"R"
"366","90","525",0.78182149445444,"80","0",1,"R"
"367","90","764",0.65603266478216,"80","0",1,"R"
"368","90","892",0.936192568535677,"80","0",1,"R"
"369","90","970",0.945687501359628,"80","0",1,"R"
"370","90","1182",0.61803281755758,"80","0",1,"R"
"371","90","1306",0.899294075596461,"80","0",1,"R"
"372","90","1442",0.632545564069877,"80","0",1,"R"
"373","90","1497",0.755599104143337,"80","0",1,"R"
"374","90","1555",0.797700375252574,"80","0",1,"R"
"375","90","1673",0.911336032388664,"80","0",1,"R"
"376","90","2097",0.942028846637553,"80","0",1,"R"
"377","248","525",0.777319209485377,"80","0",1,"R"
"378","248","764",0.601781448573369,"80","0",1,"R"
"379","248","892",0.970284514103027,"80","0",1,"R"
"380","248","970",0.979816270823686,"80","0",1,"R"
"381","248","1182",0.593068888393103,"80","0",1,"R"
"382","248","1306",0.91380736662023,"80","0",1,"R"
"383","248","1442",0.615458889010196,"80","0",1,"R"
"384","248","1497",0.75709317353725,"80","0",1,"R"
"385","248","1555",0.784983256603791,"80","0",1,"R"
"386","248","1673",0.938089250446586,"80","0",1,"R"
"387","248","2097",0.975575122207062,"80","0",1,"R"
"388","525","764",0.525956529549129,"80","0",1,"R"
"389","525","892",0.812160246067411,"80","0",1,"R"
"390","525","970",0.805355211510607,"80","0",1,"R"
"391","525","1182",0.498409846701056,"80","0",1,"R"
"392","525","1306",0.766565923344315,"80","0",1,"R"
"393","525","1442",0.458302809686003,"80","0",1,"R"
"394","525","1497",0.619979147477827,"80","0",1,"R"
"395","525","1555",0.680713904808192,"80","0",1,"R"
"396","525","1673",0.791111671106631,"80","0",1,"R"
"397","525","2097",0.819271797584413,"80","0",1,"R"
"398","764","892",0.686418226774991,"80","0",1,"R"
"399","764","970",0.62438767989506,"80","0",1,"R"
"400","764","1182",0.34206984486789,"80","0",1,"R"
"401","764","1306",0.625477784341516,"80","0",1,"R"
"402","764","1442",0.374422195050893,"80","0",1,"R"
"403","764","1497",0.494383958499418,"80","0",1,"R"
"404","764","1555",0.528766242819368,"80","0",1,"R"
"405","764","1673",0.644488579940417,"80","0",1,"R"
"406","764","2097",0.67256051481598,"80","0",1,"R"
"407","892","970",0.972848005364136,"80","0",1,"R"
"408","892","1182",0.65567533291059,"80","0",1,"R"
"409","892","1306",0.921285514671635,"80","0",1,"R"
"410","892","1442",0.654871019559671,"80","0",1,"R"
"411","892","1497",0.795,"80","0",1,"R"
"412","892","1555",0.82354366579432,"80","0",1,"R"
"413","892","1673",0.944172932330827,"80","0",1,"R"
"414","892","2097",0.971666666666667,"80","0",1,"R"
"415","970","1182",0.642277706741854,"80","0",1,"R"
"416","970","1306",0.929194188128393,"80","0",1,"R"
"417","970","1442",0.669893757523322,"80","0",1,"R"
"418","970","1497",0.799900495452424,"80","0",1,"R"
"419","970","1555",0.800857531250768,"80","0",1,"R"
"420","970","1673",0.954984801752742,"80","0",1,"R"
"421","970","2097",0.98032601045605,"80","0",1,"R"
"422","1182","1306",0.60395579365725,"80","0",1,"R"
"423","1182","1442",0.249031072103112,"80","0",1,"R"
"424","1182","1497",0.467692044300386,"80","0",1,"R"
"425","1182","1555",0.524417273767782,"80","0",1,"R"
"426","1182","1673",0.641308967275818,"80","0",1,"R"
"427","1182","2097",0.655119919177381,"80","0",1,"R"
"428","1306","1442",0.61635539962396,"80","0",1,"R"
"429","1306","1497",0.754276109811159,"80","0",1,"R"
"430","1306","1555",0.78983325880612,"80","0",1,"R"
"431","1306","1673",0.907562250635345,"80","0",1,"R"
"432","1306","2097",0.926503759398496,"80","0",1,"R"
"433","1442","1497",0.495839903189745,"80","0",1,"R"
"434","1442","1555",0.517286861795253,"80","0",1,"R"
"435","1442","1673",0.648667772400785,"80","0",1,"R"
"436","1442","2097",0.676505046863735,"80","0",1,"R"
"437","1497","1555",0.652196767269701,"80","0",1,"R"
"438","1497","1673",0.751638866321694,"80","0",1,"R"
"439","1497","2097",0.784352773826458,"80","0",1,"R"
"440","1555","1673",0.806588482074752,"80","0",1,"R"
"441","1555","2097",0.835115864527629,"80","0",1,"R"
"442","1673","2097",0.949370709382151,"80","0",1,"R"
"443","90","248",0.907243902547976,"80","40",1,"R"
"444","90","525",0.778211853737921,"80","40",1,"R"
"445","90","764",0.563912488068498,"80","40",1,"R"
"446","90","892",0.893313182893502,"80","40",1,"R"
"447","90","1182",0.600019888264116,"80","40",1,"R"
"448","90","1306",0.916651849217639,"80","40",1,"R"
"449","90","1442",0.594026259838114,"80","40",1,"R"
"450","90","1497",0.702163997250745,"80","40",1,"R"
"451","90","1555",0.746125151566163,"80","40",1,"R"
"452","90","1673",0.865068919269572,"80","40",1,"R"
"453","90","2097",0.857004909392824,"80","40",1,"R"
"454","248","525",0.820657598934743,"80","40",1,"R"
"455","248","764",0.602232748291259,"80","40",1,"R"
"456","248","892",0.981088627628792,"80","40",1,"R"
"457","248","1182",0.581214542598232,"80","40",1,"R"
"458","248","1306",0.984762971659696,"80","40",1,"R"
"459","248","1442",0.619739730815799,"80","40",1,"R"
"460","248","1497",0.74086051427401,"80","40",1,"R"
"461","248","1555",0.771340335001347,"80","40",1,"R"
"462","248","1673",0.949727633644169,"80","40",1,"R"
"463","248","2097",0.907474764030488,"80","40",1,"R"
"464","525","764",0.502761526243272,"80","40",1,"R"
"465","525","892",0.83049680925766,"80","40",1,"R"
"466","525","1182",0.52555762188869,"80","40",1,"R"
"467","525","1306",0.838803651194407,"80","40",1,"R"
"468","525","1442",0.533755855607605,"80","40",1,"R"
"469","525","1497",0.616534749105207,"80","40",1,"R"
"470","525","1555",0.689286265125561,"80","40",1,"R"
"471","525","1673",0.729446451058311,"80","40",1,"R"
"472","525","2097",0.785626672613738,"80","40",1,"R"
"473","764","892",0.57608631831934,"80","40",1,"R"
"474","764","1182",0.309426593289544,"80","40",1,"R"
"475","764","1306",0.643398673706133,"80","40",1,"R"
"476","764","1442",0.327374347877025,"80","40",1,"R"
"477","764","1497",0.384214011521093,"80","40",1,"R"
"478","764","1555",0.478623615035454,"80","40",1,"R"
"479","764","1673",0.544670758375561,"80","40",1,"R"
"480","764","2097",0.575232637365714,"80","40",1,"R"
"481","892","1182",0.607697615908621,"80","40",1,"R"
"482","892","1306",0.970879339205228,"80","40",1,"R"
"483","892","1442",0.616795985328354,"80","40",1,"R"
"484","892","1497",0.725995669612998,"80","40",1,"R"
"485","892","1555",0.788486380247219,"80","40",1,"R"
"486","892","1673",0.938927930741299,"80","40",1,"R"
"487","892","2097",0.906942861406498,"80","40",1,"R"
"488","1182","1306",0.650028095148904,"80","40",1,"R"
"489","1182","1442",0.265811156529616,"80","40",1,"R"
"490","1182","1497",0.455892426396949,"80","40",1,"R"
"491","1182","1555",0.479728834784284,"80","40",1,"R"
"492","1182","1673",0.550916323824419,"80","40",1,"R"
"493","1182","2097",0.607189577621275,"80","40",1,"R"
"494","1306","1442",0.6453173374613,"80","40",1,"R"
"495","1306","1497",0.759642789283678,"80","40",1,"R"
"496","1306","1555",0.802863322690287,"80","40",1,"R"
"497","1306","1673",0.952146333378535,"80","40",1,"R"
"498","1306","2097",0.906513809275664,"80","40",1,"R"
"499","1442","1497",0.450125423376143,"80","40",1,"R"
"500","1442","1555",0.49683634672979,"80","40",1,"R"
"501","1442","1673",0.549515471834306,"80","40",1,"R"
"502","1442","2097",0.585236616115476,"80","40",1,"R"
"503","1497","1555",0.606038118677025,"80","40",1,"R"
"504","1497","1673",0.665636525199148,"80","40",1,"R"
"505","1497","2097",0.710345110535205,"80","40",1,"R"
"506","1555","1673",0.759040749711983,"80","40",1,"R"
"507","1555","2097",0.773710276699051,"80","40",1,"R"
"508","1673","2097",0.865566811051478,"80","40",1,"R"
"509","90","525",0.778257666662143,"80","80",1,"R"
"510","90","622",0.951059956123702,"80","80",1,"R"
"511","90","764",0.629643607378794,"80","80",1,"R"
"512","90","892",0.949071173138391,"80","80",1,"R"
"513","90","1182",0.588527927929447,"80","80",1,"R"
"514","90","1306",0.945170457643044,"80","80",1,"R"
"515","90","1442",0.648907756986488,"80","80",1,"R"
"516","90","1497",0.819012368366871,"80","80",1,"R"
"517","90","1555",0.783020703346376,"80","80",1,"R"
"518","90","1673",0.948890014209527,"80","80",1,"R"
"519","90","2097",0.908255636902155,"80","80",1,"R"
"520","525","622",0.799452776959541,"80","80",1,"R"
"521","525","764",0.528539520421919,"80","80",1,"R"
"522","525","892",0.781025762812682,"80","80",1,"R"
"523","525","1182",0.503154713513131,"80","80",1,"R"
"524","525","1306",0.818319466620586,"80","80",1,"R"
"525","525","1442",0.530426953145532,"80","80",1,"R"
"526","525","1497",0.712465232063339,"80","80",1,"R"
"527","525","1555",0.694851734325419,"80","80",1,"R"
"528","525","1673",0.832635221271171,"80","80",1,"R"
"529","525","2097",0.796670326807242,"80","80",1,"R"
"530","622","764",0.651318436917547,"80","80",1,"R"
"531","622","892",1,"80","80",1,"R"
"532","622","1182",0.568915870971644,"80","80",1,"R"
"533","622","1306",0.987821586238392,"80","80",1,"R"
"534","622","1442",0.599470178111369,"80","80",1,"R"
"535","622","1497",0.809938011720871,"80","80",1,"R"
"536","622","1555",0.797771602118207,"80","80",1,"R"
"537","622","1673",0.979759253600261,"80","80",1,"R"
"538","622","2097",0.917243239325759,"80","80",1,"R"
"539","764","892",0.617031558326601,"80","80",1,"R"
"540","764","1182",0.340434696562242,"80","80",1,"R"
"541","764","1306",0.683317729170025,"80","80",1,"R"
"542","764","1442",0.371441639311459,"80","80",1,"R"
"543","764","1497",0.506469706519494,"80","80",1,"R"
"544","764","1555",0.548449380245365,"80","80",1,"R"
"545","764","1673",0.699735931524313,"80","80",1,"R"
"546","764","2097",0.630730428849281,"80","80",1,"R"
"547","892","1182",0.546938709542401,"80","80",1,"R"
"548","892","1306",0.987296210555958,"80","80",1,"R"
"549","892","1442",0.592665122275486,"80","80",1,"R"
"550","892","1497",0.807018372056179,"80","80",1,"R"
"551","892","1555",0.792666412426029,"80","80",1,"R"
"552","892","1673",0.977443103083975,"80","80",1,"R"
"553","892","2097",0.920028629954127,"80","80",1,"R"
"554","1182","1306",0.61117898162918,"80","80",1,"R"
"555","1182","1442",0.175141525280205,"80","80",1,"R"
"556","1182","1497",0.461496774130266,"80","80",1,"R"
"557","1182","1555",0.430548540256592,"80","80",1,"R"
"558","1182","1673",0.596865540474563,"80","80",1,"R"
"559","1182","2097",0.590674224023696,"80","80",1,"R"
"560","1306","1442",0.664698300945141,"80","80",1,"R"
"561","1306","1497",0.848406926778102,"80","80",1,"R"
"562","1306","1555",0.835595090700418,"80","80",1,"R"
"563","1306","1673",0.975920670249947,"80","80",1,"R"
"564","1306","2097",0.935334780338861,"80","80",1,"R"
"565","1442","1497",0.458314165877419,"80","80",1,"R"
"566","1442","1555",0.486687658183702,"80","80",1,"R"
"567","1442","1673",0.653904617138514,"80","80",1,"R"
"568","1442","2097",0.620045439527849,"80","80",1,"R"
"569","1497","1555",0.692928713888192,"80","80",1,"R"
"570","1497","1673",0.845767769940315,"80","80",1,"R"
"571","1497","2097",0.770078456961171,"80","80",1,"R"
"572","1555","1673",0.82773851590106,"80","80",1,"R"
"573","1555","2097",0.782990426489765,"80","80",1,"R"
"574","1673","2097",0.930636901664734,"80","80",1,"R"
