PatchID0,PatchID1,MeanD,Tree_disease,Management,Replicate,method
90,248,0.804121,0,0,1,RS
90,525,0.787842,0,0,1,RS
90,622,0.734504,0,0,1,RS
90,764,0.758756,0,0,1,RS
90,892,0.84863,0,0,1,RS
90,970,0.83843,0,0,1,RS
90,1182,0.763056,0,0,1,RS
90,1306,0.809106,0,0,1,RS
90,1442,0.731287,0,0,1,RS
90,1497,0.800058,0,0,1,RS
90,1555,0.759036,0,0,1,RS
90,1673,0.932909,0,0,1,RS
90,2097,0.69386,0,0,1,RS
248,525,0.821227,0,0,1,RS
248,622,0.878811,0,0,1,RS
248,764,0.8059,0,0,1,RS
248,892,0.903778,0,0,1,RS
248,970,0.929277,0,0,1,RS
248,1182,0.797102,0,0,1,RS
248,1306,0.893126,0,0,1,RS
248,1442,0.7754,0,0,1,RS
248,1497,0.881856,0,0,1,RS
248,1555,0.880308,0,0,1,RS
248,1673,0.886803,0,0,1,RS
248,2097,0.81387,0,0,1,RS
525,622,0.824972,0,0,1,RS
525,764,0.687229,0,0,1,RS
525,892,0.837502,0,0,1,RS
525,970,0.815197,0,0,1,RS
525,1182,0.577266,0,0,1,RS
525,1306,0.724777,0,0,1,RS
525,1442,0.617402,0,0,1,RS
525,1497,0.769263,0,0,1,RS
525,1555,0.731592,0,0,1,RS
525,1673,0.820885,0,0,1,RS
525,2097,0.684627,0,0,1,RS
622,764,0.825377,0,0,1,RS
622,892,0.883959,0,0,1,RS
622,970,0.854061,0,0,1,RS
622,1182,0.765465,0,0,1,RS
622,1306,0.784363,0,0,1,RS
622,1442,0.791497,0,0,1,RS
622,1497,0.802536,0,0,1,RS
622,1555,0.852564,0,0,1,RS
622,1673,0.931829,0,0,1,RS
622,2097,0.735398,0,0,1,RS
764,892,0.738155,0,0,1,RS
764,970,0.82436,0,0,1,RS
764,1182,0.60809,0,0,1,RS
764,1306,0.706397,0,0,1,RS
764,1442,0.54531,0,0,1,RS
764,1497,0.757353,0,0,1,RS
764,1555,0.707572,0,0,1,RS
764,1673,0.764893,0,0,1,RS
764,2097,0.719659,0,0,1,RS
892,970,0.919047,0,0,1,RS
892,1182,0.87547,0,0,1,RS
892,1306,0.879551,0,0,1,RS
892,1442,0.890765,0,0,1,RS
892,1497,0.79972,0,0,1,RS
892,1555,0.773571,0,0,1,RS
892,1673,0.735313,0,0,1,RS
892,2097,0.849548,0,0,1,RS
970,1182,0.800726,0,0,1,RS
970,1306,0.83748,0,0,1,RS
970,1442,0.699225,0,0,1,RS
970,1497,0.830613,0,0,1,RS
970,1555,0.834893,0,0,1,RS
970,1673,0.828446,0,0,1,RS
970,2097,0.768461,0,0,1,RS
1182,1306,0.74217,0,0,1,RS
1182,1442,0.281985,0,0,1,RS
1182,1497,0.679716,0,0,1,RS
1182,1555,0.739779,0,0,1,RS
1182,1673,0.752518,0,0,1,RS
1182,2097,0.56075,0,0,1,RS
1306,1442,0.785951,0,0,1,RS
1306,1497,0.848389,0,0,1,RS
1306,1555,0.785784,0,0,1,RS
1306,1673,0.893569,0,0,1,RS
1306,2097,0.750501,0,0,1,RS
1442,1497,0.617797,0,0,1,RS
1442,1555,0.745388,0,0,1,RS
1442,1673,0.836699,0,0,1,RS
1442,2097,0.616194,0,0,1,RS
1497,1555,0.755532,0,0,1,RS
1497,1673,0.845513,0,0,1,RS
1497,2097,0.843007,0,0,1,RS
1555,1673,0.786216,0,0,1,RS
1555,2097,0.76853,0,0,1,RS
1673,2097,0.859581,0,0,1,RS
90,248,0.940458,70,0,1,RS
90,525,0.862864,70,0,1,RS
90,622,0.907796,70,0,1,RS
90,764,0.807541,70,0,1,RS
90,892,0.992908,70,0,1,RS
90,970,0.930316,70,0,1,RS
90,1182,0.809707,70,0,1,RS
90,1306,0.931092,70,0,1,RS
90,1442,0.939187,70,0,1,RS
90,1497,0.916126,70,0,1,RS
90,1555,0.911093,70,0,1,RS
90,1673,0.867131,70,0,1,RS
90,2097,0.908232,70,0,1,RS
248,525,0.959524,70,0,1,RS
248,622,0.960144,70,0,1,RS
248,764,0.939861,70,0,1,RS
248,892,0.994617,70,0,1,RS
248,970,0.926907,70,0,1,RS
248,1182,0.959228,70,0,1,RS
248,1306,0.933333,70,0,1,RS
248,1442,0.881053,70,0,1,RS
248,1497,0.909521,70,0,1,RS
248,1555,0.887483,70,0,1,RS
248,1673,1,70,0,1,RS
248,2097,0.949543,70,0,1,RS
525,622,0.986777,70,0,1,RS
525,764,0.864533,70,0,1,RS
525,892,0.981304,70,0,1,RS
525,970,0.943295,70,0,1,RS
525,1182,0.905795,70,0,1,RS
525,1306,0.964213,70,0,1,RS
525,1442,0.911539,70,0,1,RS
525,1497,0.827449,70,0,1,RS
525,1555,0.98675,70,0,1,RS
525,1673,0.868332,70,0,1,RS
525,2097,0.88525,70,0,1,RS
622,764,0.882504,70,0,1,RS
622,892,0.998291,70,0,1,RS
622,970,0.934808,70,0,1,RS
622,1182,0.735219,70,0,1,RS
622,1306,0.824137,70,0,1,RS
622,1442,0.832688,70,0,1,RS
622,1497,0.880556,70,0,1,RS
622,1555,0.984965,70,0,1,RS
622,1673,0.956092,70,0,1,RS
622,2097,0.9519,70,0,1,RS
764,892,0.890111,70,0,1,RS
764,970,0.950548,70,0,1,RS
764,1182,0.771665,70,0,1,RS
764,1306,0.97081,70,0,1,RS
764,1442,0.828205,70,0,1,RS
764,1497,0.838473,70,0,1,RS
764,1555,0.875053,70,0,1,RS
764,1673,0.979411,70,0,1,RS
764,2097,0.918663,70,0,1,RS
892,970,0.933333,70,0,1,RS
892,1182,0.877664,70,0,1,RS
892,1306,0.933333,70,0,1,RS
892,1442,0.930877,70,0,1,RS
892,1497,0.989801,70,0,1,RS
892,1555,0.835974,70,0,1,RS
892,1673,1,70,0,1,RS
892,2097,0.990418,70,0,1,RS
970,1182,0.891271,70,0,1,RS
970,1306,0.836407,70,0,1,RS
970,1442,0.917616,70,0,1,RS
970,1497,0.931198,70,0,1,RS
970,1555,0.897595,70,0,1,RS
970,1673,0.852972,70,0,1,RS
970,2097,0.992967,70,0,1,RS
1182,1306,0.840381,70,0,1,RS
1182,1442,0.597274,70,0,1,RS
1182,1497,0.864956,70,0,1,RS
1182,1555,0.867767,70,0,1,RS
1182,1673,0.974242,70,0,1,RS
1182,2097,0.794288,70,0,1,RS
1306,1442,0.86428,70,0,1,RS
1306,1497,0.876848,70,0,1,RS
1306,1555,0.925118,70,0,1,RS
1306,1673,0.908154,70,0,1,RS
1306,2097,0.883095,70,0,1,RS
1442,1497,0.822112,70,0,1,RS
1442,1555,0.90714,70,0,1,RS
1442,1673,0.858384,70,0,1,RS
1442,2097,0.743121,70,0,1,RS
1497,1555,0.920019,70,0,1,RS
1497,1673,0.915934,70,0,1,RS
1497,2097,0.86982,70,0,1,RS
1555,1673,0.91507,70,0,1,RS
1555,2097,0.868512,70,0,1,RS
1673,2097,0.964865,70,0,1,RS
90,248,0.985456,70,40,1,RS
90,525,0.821737,70,40,1,RS
90,622,0.991014,70,40,1,RS
90,764,0.969804,70,40,1,RS
90,892,1,70,40,1,RS
90,970,0.972679,70,40,1,RS
90,1182,0.909742,70,40,1,RS
90,1306,0.857131,70,40,1,RS
90,1442,0.926509,70,40,1,RS
90,1497,0.759729,70,40,1,RS
90,1555,0.961354,70,40,1,RS
90,1673,0.981378,70,40,1,RS
90,2097,0.946633,70,40,1,RS
248,525,1,70,40,1,RS
248,622,0.83443,70,40,1,RS
248,764,0.906233,70,40,1,RS
248,892,0.889706,70,40,1,RS
248,970,0.924679,70,40,1,RS
248,1182,0.905409,70,40,1,RS
248,1306,0.933333,70,40,1,RS
248,1442,0.936623,70,40,1,RS
248,1497,0.982019,70,40,1,RS
248,1555,0.829762,70,40,1,RS
248,1673,0.868553,70,40,1,RS
248,2097,0.945833,70,40,1,RS
525,622,0.958899,70,40,1,RS
525,764,0.938508,70,40,1,RS
525,892,0.892295,70,40,1,RS
525,970,0.977538,70,40,1,RS
525,1182,0.852009,70,40,1,RS
525,1306,0.88216,70,40,1,RS
525,1442,0.886105,70,40,1,RS
525,1497,0.943796,70,40,1,RS
525,1555,0.973597,70,40,1,RS
525,1673,0.997648,70,40,1,RS
525,2097,0.948621,70,40,1,RS
622,764,0.875277,70,40,1,RS
622,892,0.952972,70,40,1,RS
622,970,0.982957,70,40,1,RS
622,1182,0.955484,70,40,1,RS
622,1306,1,70,40,1,RS
622,1442,0.850217,70,40,1,RS
622,1497,0.994665,70,40,1,RS
622,1555,1,70,40,1,RS
622,1673,0.935306,70,40,1,RS
622,2097,0.997,70,40,1,RS
764,892,0.90869,70,40,1,RS
764,970,0.914225,70,40,1,RS
764,1182,0.772697,70,40,1,RS
764,1306,0.860679,70,40,1,RS
764,1442,0.80441,70,40,1,RS
764,1497,0.882678,70,40,1,RS
764,1555,0.915791,70,40,1,RS
764,1673,0.829586,70,40,1,RS
764,2097,0.815433,70,40,1,RS
892,970,0.906151,70,40,1,RS
892,1182,0.736929,70,40,1,RS
892,1306,0.881907,70,40,1,RS
892,1442,0.851303,70,40,1,RS
892,1497,0.919707,70,40,1,RS
892,1555,0.772589,70,40,1,RS
892,1673,0.933423,70,40,1,RS
892,2097,0.930453,70,40,1,RS
970,1182,0.795903,70,40,1,RS
970,1306,0.924776,70,40,1,RS
970,1442,0.84287,70,40,1,RS
970,1497,0.951728,70,40,1,RS
970,1555,0.868578,70,40,1,RS
970,1673,0.89769,70,40,1,RS
970,2097,0.939098,70,40,1,RS
1182,1306,0.89263,70,40,1,RS
1182,1442,0.521488,70,40,1,RS
1182,1497,0.942442,70,40,1,RS
1182,1555,0.771394,70,40,1,RS
1182,1673,0.900356,70,40,1,RS
1182,2097,0.922473,70,40,1,RS
1306,1442,0.979304,70,40,1,RS
1306,1497,0.863496,70,40,1,RS
1306,1555,0.886697,70,40,1,RS
1306,1673,0.959794,70,40,1,RS
1306,2097,0.840216,70,40,1,RS
1442,1497,0.929346,70,40,1,RS
1442,1555,0.903864,70,40,1,RS
1442,1673,0.896607,70,40,1,RS
1442,2097,0.92792,70,40,1,RS
1497,1555,0.936723,70,40,1,RS
1497,1673,1,70,40,1,RS
1497,2097,0.95348,70,40,1,RS
1555,1673,0.892724,70,40,1,RS
1555,2097,0.90556,70,40,1,RS
1673,2097,0.943158,70,40,1,RS
90,248,0.97695,70,80,1,RS
90,525,0.926214,70,80,1,RS
90,622,0.867259,70,80,1,RS
90,764,0.895429,70,80,1,RS
90,892,0.817525,70,80,1,RS
90,970,0.873856,70,80,1,RS
90,1182,0.981544,70,80,1,RS
90,1306,0.882483,70,80,1,RS
90,1442,0.946959,70,80,1,RS
90,1497,0.953993,70,80,1,RS
90,1555,0.945587,70,80,1,RS
90,1673,0.933423,70,80,1,RS
90,2097,0.826519,70,80,1,RS
248,525,0.941101,70,80,1,RS
248,622,0.9581,70,80,1,RS
248,764,0.946635,70,80,1,RS
248,892,1,70,80,1,RS
248,970,0.933333,70,80,1,RS
248,1182,0.877655,70,80,1,RS
248,1306,0.933333,70,80,1,RS
248,1442,0.920626,70,80,1,RS
248,1497,0.922495,70,80,1,RS
248,1555,0.976774,70,80,1,RS
248,1673,0.933333,70,80,1,RS
248,2097,0.915287,70,80,1,RS
525,622,0.991682,70,80,1,RS
525,764,0.889642,70,80,1,RS
525,892,0.963035,70,80,1,RS
525,970,0.981733,70,80,1,RS
525,1182,0.90293,70,80,1,RS
525,1306,0.867232,70,80,1,RS
525,1442,0.877867,70,80,1,RS
525,1497,0.919128,70,80,1,RS
525,1555,0.86699,70,80,1,RS
525,1673,0.91694,70,80,1,RS
525,2097,0.995604,70,80,1,RS
622,764,0.954212,70,80,1,RS
622,892,1,70,80,1,RS
622,970,0.999405,70,80,1,RS
622,1182,0.932578,70,80,1,RS
622,1306,0.933333,70,80,1,RS
622,1442,0.921541,70,80,1,RS
622,1497,0.847495,70,80,1,RS
622,1555,0.94938,70,80,1,RS
622,1673,0.859633,70,80,1,RS
622,2097,0.793369,70,80,1,RS
764,892,0.924314,70,80,1,RS
764,970,0.918063,70,80,1,RS
764,1182,0.764617,70,80,1,RS
764,1306,0.911923,70,80,1,RS
764,1442,0.766853,70,80,1,RS
764,1497,0.927592,70,80,1,RS
764,1555,0.848989,70,80,1,RS
764,1673,0.909366,70,80,1,RS
764,2097,0.950894,70,80,1,RS
892,970,0.933333,70,80,1,RS
892,1182,0.858648,70,80,1,RS
892,1306,0.947435,70,80,1,RS
892,1442,0.875222,70,80,1,RS
892,1497,0.828582,70,80,1,RS
892,1555,1,70,80,1,RS
892,1673,0.950681,70,80,1,RS
892,2097,0.926185,70,80,1,RS
970,1182,0.927538,70,80,1,RS
970,1306,0.889926,70,80,1,RS
970,1442,0.910837,70,80,1,RS
970,1497,0.985658,70,80,1,RS
970,1555,0.914858,70,80,1,RS
970,1673,0.824117,70,80,1,RS
970,2097,0.960681,70,80,1,RS
1182,1306,0.870931,70,80,1,RS
1182,1442,0.494664,70,80,1,RS
1182,1497,0.921491,70,80,1,RS
1182,1555,0.911451,70,80,1,RS
1182,1673,0.84506,70,80,1,RS
1182,2097,0.917724,70,80,1,RS
1306,1442,0.893669,70,80,1,RS
1306,1497,0.986525,70,80,1,RS
1306,1555,0.881783,70,80,1,RS
1306,1673,1,70,80,1,RS
1306,2097,0.98388,70,80,1,RS
1442,1497,0.934291,70,80,1,RS
1442,1555,0.927967,70,80,1,RS
1442,1673,0.94749,70,80,1,RS
1442,2097,0.883374,70,80,1,RS
1497,1555,0.860862,70,80,1,RS
1497,1673,0.879871,70,80,1,RS
1497,2097,0.883272,70,80,1,RS
1555,1673,1,70,80,1,RS
1555,2097,0.942222,70,80,1,RS
1673,2097,0.995393,70,80,1,RS
90,248,0.937968,80,0,1,RS
90,525,0.947123,80,0,1,RS
90,764,0.963317,80,0,1,RS
90,892,0.915066,80,0,1,RS
90,970,0.933333,80,0,1,RS
90,1182,0.895101,80,0,1,RS
90,1306,0.976954,80,0,1,RS
90,1442,0.907376,80,0,1,RS
90,1497,0.915927,80,0,1,RS
90,1555,0.878971,80,0,1,RS
90,1673,0.866667,80,0,1,RS
90,2097,0.910134,80,0,1,RS
248,525,0.939108,80,0,1,RS
248,764,0.848321,80,0,1,RS
248,892,1,80,0,1,RS
248,970,0.933333,80,0,1,RS
248,1182,0.887324,80,0,1,RS
248,1306,0.919618,80,0,1,RS
248,1442,0.909182,80,0,1,RS
248,1497,0.949339,80,0,1,RS
248,1555,0.822154,80,0,1,RS
248,1673,0.83864,80,0,1,RS
248,2097,0.933333,80,0,1,RS
525,764,0.959804,80,0,1,RS
525,892,0.974057,80,0,1,RS
525,970,0.923336,80,0,1,RS
525,1182,0.921162,80,0,1,RS
525,1306,0.948684,80,0,1,RS
525,1442,0.786656,80,0,1,RS
525,1497,0.879349,80,0,1,RS
525,1555,0.953738,80,0,1,RS
525,1673,0.955596,80,0,1,RS
525,2097,0.993293,80,0,1,RS
764,892,0.990216,80,0,1,RS
764,970,0.7336,80,0,1,RS
764,1182,0.803173,80,0,1,RS
764,1306,0.894612,80,0,1,RS
764,1442,0.870793,80,0,1,RS
764,1497,0.898294,80,0,1,RS
764,1555,0.819396,80,0,1,RS
764,1673,0.911476,80,0,1,RS
764,2097,0.904625,80,0,1,RS
892,970,0.933333,80,0,1,RS
892,1182,0.949975,80,0,1,RS
892,1306,0.934296,80,0,1,RS
892,1442,0.875367,80,0,1,RS
892,1497,1,80,0,1,RS
892,1555,0.87088,80,0,1,RS
892,1673,0.933333,80,0,1,RS
892,2097,1,80,0,1,RS
970,1182,0.895288,80,0,1,RS
970,1306,0.933968,80,0,1,RS
970,1442,0.931691,80,0,1,RS
970,1497,1,80,0,1,RS
970,1555,0.710171,80,0,1,RS
970,1673,0.972038,80,0,1,RS
970,2097,1,80,0,1,RS
1182,1306,0.907418,80,0,1,RS
1182,1442,0.505349,80,0,1,RS
1182,1497,0.883157,80,0,1,RS
1182,1555,0.922623,80,0,1,RS
1182,1673,0.958168,80,0,1,RS
1182,2097,0.918811,80,0,1,RS
1306,1442,0.899025,80,0,1,RS
1306,1497,0.996583,80,0,1,RS
1306,1555,0.932247,80,0,1,RS
1306,1673,0.999029,80,0,1,RS
1306,2097,0.933333,80,0,1,RS
1442,1497,0.934465,80,0,1,RS
1442,1555,0.847167,80,0,1,RS
1442,1673,0.939158,80,0,1,RS
1442,2097,0.956307,80,0,1,RS
1497,1555,0.927327,80,0,1,RS
1497,1673,0.878743,80,0,1,RS
1497,2097,0.899099,80,0,1,RS
1555,1673,0.894267,80,0,1,RS
1555,2097,0.933333,80,0,1,RS
1673,2097,0.894907,80,0,1,RS
90,248,0.975181,80,40,1,RS
90,525,0.925218,80,40,1,RS
90,764,0.859373,80,40,1,RS
90,892,0.902847,80,40,1,RS
90,1182,0.939747,80,40,1,RS
90,1306,0.984049,80,40,1,RS
90,1442,0.875834,80,40,1,RS
90,1497,0.907313,80,40,1,RS
90,1555,0.8691,80,40,1,RS
90,1673,0.934331,80,40,1,RS
90,2097,0.965701,80,40,1,RS
248,525,0.933555,80,40,1,RS
248,764,0.988933,80,40,1,RS
248,892,1,80,40,1,RS
248,1182,0.839091,80,40,1,RS
248,1306,0.933333,80,40,1,RS
248,1442,0.963996,80,40,1,RS
248,1497,1,80,40,1,RS
248,1555,0.810207,80,40,1,RS
248,1673,0.933737,80,40,1,RS
248,2097,0.933333,80,40,1,RS
525,764,0.858194,80,40,1,RS
525,892,1,80,40,1,RS
525,1182,0.908858,80,40,1,RS
525,1306,0.878618,80,40,1,RS
525,1442,0.912421,80,40,1,RS
525,1497,0.845599,80,40,1,RS
525,1555,0.917535,80,40,1,RS
525,1673,0.709543,80,40,1,RS
525,2097,0.925599,80,40,1,RS
764,892,0.852622,80,40,1,RS
764,1182,0.823066,80,40,1,RS
764,1306,0.936045,80,40,1,RS
764,1442,0.867874,80,40,1,RS
764,1497,0.731276,80,40,1,RS
764,1555,0.860284,80,40,1,RS
764,1673,0.927963,80,40,1,RS
764,2097,0.899956,80,40,1,RS
892,1182,0.918505,80,40,1,RS
892,1306,0.917365,80,40,1,RS
892,1442,0.908936,80,40,1,RS
892,1497,0.894253,80,40,1,RS
892,1555,0.905085,80,40,1,RS
892,1673,1,80,40,1,RS
892,2097,1,80,40,1,RS
1182,1306,0.903057,80,40,1,RS
1182,1442,0.584975,80,40,1,RS
1182,1497,0.910656,80,40,1,RS
1182,1555,0.808016,80,40,1,RS
1182,1673,0.896692,80,40,1,RS
1182,2097,0.962608,80,40,1,RS
1306,1442,0.86612,80,40,1,RS
1306,1497,0.896423,80,40,1,RS
1306,1555,0.818575,80,40,1,RS
1306,1673,1,80,40,1,RS
1306,2097,0.833755,80,40,1,RS
1442,1497,0.90041,80,40,1,RS
1442,1555,0.861727,80,40,1,RS
1442,1673,0.867435,80,40,1,RS
1442,2097,0.863531,80,40,1,RS
1497,1555,0.887027,80,40,1,RS
1497,1673,0.862441,80,40,1,RS
1497,2097,0.941008,80,40,1,RS
1555,1673,0.971937,80,40,1,RS
1555,2097,0.988791,80,40,1,RS
1673,2097,0.881964,80,40,1,RS
90,525,0.807786,80,80,1,RS
90,622,0.933333,80,80,1,RS
90,764,0.77585,80,80,1,RS
90,892,1,80,80,1,RS
90,1182,0.896265,80,80,1,RS
90,1306,0.8,80,80,1,RS
90,1442,0.962675,80,80,1,RS
90,1497,0.923035,80,80,1,RS
90,1555,0.81861,80,80,1,RS
90,1673,0.960035,80,80,1,RS
90,2097,0.975083,80,80,1,RS
525,622,0.933333,80,80,1,RS
525,764,0.838631,80,80,1,RS
525,892,0.933333,80,80,1,RS
525,1182,0.983925,80,80,1,RS
525,1306,0.871408,80,80,1,RS
525,1442,0.919853,80,80,1,RS
525,1497,0.960922,80,80,1,RS
525,1555,0.926488,80,80,1,RS
525,1673,0.950859,80,80,1,RS
525,2097,1,80,80,1,RS
622,764,0.955574,80,80,1,RS
622,892,1,80,80,1,RS
622,1182,0.955581,80,80,1,RS
622,1306,0.866667,80,80,1,RS
622,1442,0.8865,80,80,1,RS
622,1497,0.898514,80,80,1,RS
622,1555,0.933333,80,80,1,RS
622,1673,1,80,80,1,RS
622,2097,0.866667,80,80,1,RS
764,892,0.91951,80,80,1,RS
764,1182,0.819399,80,80,1,RS
764,1306,0.900159,80,80,1,RS
764,1442,0.773893,80,80,1,RS
764,1497,0.690906,80,80,1,RS
764,1555,0.864115,80,80,1,RS
764,1673,0.947187,80,80,1,RS
764,2097,0.846971,80,80,1,RS
892,1182,0.986915,80,80,1,RS
892,1306,0.933333,80,80,1,RS
892,1442,0.974565,80,80,1,RS
892,1497,0.979992,80,80,1,RS
892,1555,1,80,80,1,RS
892,1673,1,80,80,1,RS
892,2097,1,80,80,1,RS
1182,1306,0.916078,80,80,1,RS
1182,1442,0.403085,80,80,1,RS
1182,1497,0.79779,80,80,1,RS
1182,1555,0.748118,80,80,1,RS
1182,1673,0.842165,80,80,1,RS
1182,2097,0.990517,80,80,1,RS
1306,1442,0.946176,80,80,1,RS
1306,1497,0.973067,80,80,1,RS
1306,1555,0.981727,80,80,1,RS
1306,1673,0.971377,80,80,1,RS
1306,2097,1,80,80,1,RS
1442,1497,0.681217,80,80,1,RS
1442,1555,0.785056,80,80,1,RS
1442,1673,0.896526,80,80,1,RS
1442,2097,0.93861,80,80,1,RS
1497,1555,0.886895,80,80,1,RS
1497,1673,0.960373,80,80,1,RS
1497,2097,0.807774,80,80,1,RS
1555,1673,0.934373,80,80,1,RS
1555,2097,0.93001,80,80,1,RS
1673,2097,1,80,80,1,RS
90,248,0.813039108,0,0,1,R
90,525,0.801829445,0,0,1,R
90,622,0.711655157,0,0,1,R
90,764,0.797991159,0,0,1,R
90,892,0.838147142,0,0,1,R
90,970,0.856285353,0,0,1,R
90,1182,0.795746749,0,0,1,R
90,1306,0.817294213,0,0,1,R
90,1442,0.768483226,0,0,1,R
90,1497,0.786378106,0,0,1,R
90,1555,0.784719979,0,0,1,R
90,1673,0.930469231,0,0,1,R
90,2097,0.71837994,0,0,1,R
248,525,0.815004741,0,0,1,R
248,622,0.863491673,0,0,1,R
248,764,0.814309218,0,0,1,R
248,892,0.940248023,0,0,1,R
248,970,0.938657978,0,0,1,R
248,1182,0.81198081,0,0,1,R
248,1306,0.912987975,0,0,1,R
248,1442,0.812006779,0,0,1,R
248,1497,0.898847195,0,0,1,R
248,1555,0.892548077,0,0,1,R
248,1673,0.904574897,0,0,1,R
248,2097,0.837647355,0,0,1,R
525,622,0.846449305,0,0,1,R
525,764,0.705218352,0,0,1,R
525,892,0.866826193,0,0,1,R
525,970,0.845668618,0,0,1,R
525,1182,0.586258849,0,0,1,R
525,1306,0.737227341,0,0,1,R
525,1442,0.621463306,0,0,1,R
525,1497,0.773850793,0,0,1,R
525,1555,0.744760653,0,0,1,R
525,1673,0.837898444,0,0,1,R
525,2097,0.692714871,0,0,1,R
622,764,0.836847948,0,0,1,R
622,892,0.817029844,0,0,1,R
622,970,0.853110615,0,0,1,R
622,1182,0.76140133,0,0,1,R
622,1306,0.777795141,0,0,1,R
622,1442,0.780936928,0,0,1,R
622,1497,0.761411131,0,0,1,R
622,1555,0.879146576,0,0,1,R
622,1673,0.934029225,0,0,1,R
622,2097,0.726430386,0,0,1,R
764,892,0.764295533,0,0,1,R
764,970,0.845225064,0,0,1,R
764,1182,0.604018619,0,0,1,R
764,1306,0.698213888,0,0,1,R
764,1442,0.555163858,0,0,1,R
764,1497,0.800400815,0,0,1,R
764,1555,0.689554737,0,0,1,R
764,1673,0.766357227,0,0,1,R
764,2097,0.735378434,0,0,1,R
892,970,0.942962808,0,0,1,R
892,1182,0.901710089,0,0,1,R
892,1306,0.897585205,0,0,1,R
892,1442,0.930760404,0,0,1,R
892,1497,0.868291736,0,0,1,R
892,1555,0.811950962,0,0,1,R
892,1673,0.725111193,0,0,1,R
892,2097,0.851863945,0,0,1,R
970,1182,0.831210357,0,0,1,R
970,1306,0.858791953,0,0,1,R
970,1442,0.70793234,0,0,1,R
970,1497,0.84996354,0,0,1,R
970,1555,0.863442722,0,0,1,R
970,1673,0.782063881,0,0,1,R
970,2097,0.803693653,0,0,1,R
1182,1306,0.754165676,0,0,1,R
1182,1442,0.272986211,0,0,1,R
1182,1497,0.713155135,0,0,1,R
1182,1555,0.746489516,0,0,1,R
1182,1673,0.763807956,0,0,1,R
1182,2097,0.568284314,0,0,1,R
1306,1442,0.81234983,0,0,1,R
1306,1497,0.863726473,0,0,1,R
1306,1555,0.799060225,0,0,1,R
1306,1673,0.922246222,0,0,1,R
1306,2097,0.752702087,0,0,1,R
1442,1497,0.6284791,0,0,1,R
1442,1555,0.758330915,0,0,1,R
1442,1673,0.843974882,0,0,1,R
1442,2097,0.615646474,0,0,1,R
1497,1555,0.751906491,0,0,1,R
1497,1673,0.890837999,0,0,1,R
1497,2097,0.843058808,0,0,1,R
1555,1673,0.762816981,0,0,1,R
1555,2097,0.790340435,0,0,1,R
1673,2097,0.87981445,0,0,1,R
90,248,0.937168395,70,0,1,R
90,525,0.90970657,70,0,1,R
90,622,0.856472381,70,0,1,R
90,764,0.790378206,70,0,1,R
90,892,0.998651063,70,0,1,R
90,970,0.925381198,70,0,1,R
90,1182,0.806255583,70,0,1,R
90,1306,0.938830767,70,0,1,R
90,1442,0.948603602,70,0,1,R
90,1497,0.941995441,70,0,1,R
90,1555,0.816479064,70,0,1,R
90,1673,0.80374834,70,0,1,R
90,2097,0.953298851,70,0,1,R
248,525,0.970332608,70,0,1,R
248,622,0.972734769,70,0,1,R
248,764,0.95501676,70,0,1,R
248,892,0.996389864,70,0,1,R
248,970,0.896396519,70,0,1,R
248,1182,0.957397101,70,0,1,R
248,1306,0.892203172,70,0,1,R
248,1442,0.886268152,70,0,1,R
248,1497,0.896040654,70,0,1,R
248,1555,0.843246701,70,0,1,R
248,1673,1.002800308,70,0,1,R
248,2097,0.952820896,70,0,1,R
525,622,1.003192102,70,0,1,R
525,764,0.900470116,70,0,1,R
525,892,0.991474839,70,0,1,R
525,970,0.957156319,70,0,1,R
525,1182,0.921017439,70,0,1,R
525,1306,1.001850965,70,0,1,R
525,1442,0.918322688,70,0,1,R
525,1497,0.861679826,70,0,1,R
525,1555,0.999690605,70,0,1,R
525,1673,0.825314247,70,0,1,R
525,2097,0.896903287,70,0,1,R
622,764,0.852943088,70,0,1,R
622,892,1.005915385,70,0,1,R
622,970,0.916877643,70,0,1,R
622,1182,0.706984046,70,0,1,R
622,1306,0.787533757,70,0,1,R
622,1442,0.818953738,70,0,1,R
622,1497,0.877633265,70,0,1,R
622,1555,1.002493288,70,0,1,R
622,1673,0.962771336,70,0,1,R
622,2097,0.943669156,70,0,1,R
764,892,0.89382816,70,0,1,R
764,970,0.954242985,70,0,1,R
764,1182,0.761989541,70,0,1,R
764,1306,0.991131741,70,0,1,R
764,1442,0.854730196,70,0,1,R
764,1497,0.845683692,70,0,1,R
764,1555,0.886966652,70,0,1,R
764,1673,0.987720566,70,0,1,R
764,2097,0.935323117,70,0,1,R
892,970,0.898151649,70,0,1,R
892,1182,0.867729722,70,0,1,R
892,1306,0.889651971,70,0,1,R
892,1442,0.9247567,70,0,1,R
892,1497,0.993894719,70,0,1,R
892,1555,0.813991526,70,0,1,R
892,1673,1.001691264,70,0,1,R
892,2097,0.996454062,70,0,1,R
970,1182,0.883350695,70,0,1,R
970,1306,0.759467332,70,0,1,R
970,1442,0.918038227,70,0,1,R
970,1497,0.934459912,70,0,1,R
970,1555,0.894997409,70,0,1,R
970,1673,0.789437733,70,0,1,R
970,2097,0.999667599,70,0,1,R
1182,1306,0.861941641,70,0,1,R
1182,1442,0.612910955,70,0,1,R
1182,1497,0.870022289,70,0,1,R
1182,1555,0.894524459,70,0,1,R
1182,1673,0.974676097,70,0,1,R
1182,2097,0.828711601,70,0,1,R
1306,1442,0.816868035,70,0,1,R
1306,1497,0.897896974,70,0,1,R
1306,1555,0.907452546,70,0,1,R
1306,1673,0.872909659,70,0,1,R
1306,2097,0.90932149,70,0,1,R
1442,1497,0.839048622,70,0,1,R
1442,1555,0.874947355,70,0,1,R
1442,1673,0.804708481,70,0,1,R
1442,2097,0.740834018,70,0,1,R
1497,1555,0.954222809,70,0,1,R
1497,1673,0.924526657,70,0,1,R
1497,2097,0.894189612,70,0,1,R
1555,1673,0.857946059,70,0,1,R
1555,2097,0.912024207,70,0,1,R
1673,2097,0.971046191,70,0,1,R
90,3,0.823541255,70,40,1,R
90,4,0.991107343,70,40,1,R
90,5,0.974337415,70,40,1,R
90,6,1,70,40,1,R
90,7,0.973156572,70,40,1,R
90,8,0.91768397,70,40,1,R
90,9,0.86869469,70,40,1,R
90,10,0.934898806,70,40,1,R
90,11,0.784947839,70,40,1,R
90,12,0.96841057,70,40,1,R
90,13,0.988553177,70,40,1,R
90,14,0.961380971,70,40,1,R
248,4,0.858568673,70,40,1,R
248,5,0.899011921,70,40,1,R
248,6,0.900600782,70,40,1,R
248,7,0.916756775,70,40,1,R
248,8,0.897841615,70,40,1,R
248,9,0.920250195,70,40,1,R
248,10,0.936585296,70,40,1,R
248,11,0.982761067,70,40,1,R
248,12,0.804365485,70,40,1,R
248,13,0.852519411,70,40,1,R
248,14,0.94437375,70,40,1,R
525,5,0.951060234,70,40,1,R
525,6,0.89850563,70,40,1,R
525,7,0.975888717,70,40,1,R
525,8,0.848811309,70,40,1,R
525,9,0.880970331,70,40,1,R
525,10,0.889183202,70,40,1,R
525,11,0.950931373,70,40,1,R
525,12,0.977524852,70,40,1,R
525,13,0.998073598,70,40,1,R
525,14,0.949429754,70,40,1,R
622,6,0.95830788,70,40,1,R
622,7,0.982691059,70,40,1,R
622,8,0.951591242,70,40,1,R
622,9,1,70,40,1,R
622,10,0.837621905,70,40,1,R
622,11,0.995506321,70,40,1,R
622,12,1,70,40,1,R
622,13,0.946523715,70,40,1,R
622,14,0.997899964,70,40,1,R
764,7,0.914012506,70,40,1,R
764,8,0.774559112,70,40,1,R
764,9,0.881679764,70,40,1,R
764,10,0.796784319,70,40,1,R
764,11,0.889386218,70,40,1,R
764,12,0.911347019,70,40,1,R
764,13,0.858353875,70,40,1,R
764,14,0.834050417,70,40,1,R
892,8,0.722089907,70,40,1,R
892,9,0.877689905,70,40,1,R
892,10,0.847202524,70,40,1,R
892,11,0.927546992,70,40,1,R
892,12,0.729689808,70,40,1,R
892,13,0.925587467,70,40,1,R
892,14,0.932197186,70,40,1,R
970,9,0.922,70,40,1,R
970,10,0.849988403,70,40,1,R
970,11,0.956101271,70,40,1,R
970,12,0.87054582,70,40,1,R
970,13,0.908366226,70,40,1,R
970,14,0.94192303,70,40,1,R
1182,10,0.508162811,70,40,1,R
1182,11,0.950807952,70,40,1,R
1182,12,0.775571066,70,40,1,R
1182,13,0.894409938,70,40,1,R
1182,14,0.904694905,70,40,1,R
1306,11,0.861866726,70,40,1,R
1306,12,0.86796992,70,40,1,R
1306,13,0.976205003,70,40,1,R
1306,14,0.829977376,70,40,1,R
1442,12,0.91189759,70,40,1,R
1442,13,0.908248787,70,40,1,R
1442,14,0.944320623,70,40,1,R
1497,13,1,70,40,1,R
1497,14,0.954504988,70,40,1,R
1555,14,0.895269902,70,40,1,R
90,248,0.985270665,70,80,1,R
90,525,0.87550779,70,80,1,R
90,622,0.887173461,70,80,1,R
90,764,0.920517516,70,80,1,R
90,892,0.779235177,70,80,1,R
90,970,0.820511609,70,80,1,R
90,1182,1.000644418,70,80,1,R
90,1306,0.840302425,70,80,1,R
90,1442,0.947873044,70,80,1,R
90,1497,0.958976849,70,80,1,R
90,1555,0.935512198,70,80,1,R
90,1673,0.894498839,70,80,1,R
90,2097,0.84470906,70,80,1,R
248,525,0.94220107,70,80,1,R
248,622,0.971120139,70,80,1,R
248,764,0.942128033,70,80,1,R
248,892,1.005397399,70,80,1,R
248,970,0.895919642,70,80,1,R
248,1182,0.893320347,70,80,1,R
248,1306,0.897319805,70,80,1,R
248,1442,0.91700112,70,80,1,R
248,1497,0.926609061,70,80,1,R
248,1555,0.989955098,70,80,1,R
248,1673,0.896553183,70,80,1,R
248,2097,0.900883639,70,80,1,R
525,622,1.000029062,70,80,1,R
525,764,0.888282788,70,80,1,R
525,892,0.981110844,70,80,1,R
525,970,0.985257591,70,80,1,R
525,1182,0.927590404,70,80,1,R
525,1306,0.765247694,70,80,1,R
525,1442,0.872031234,70,80,1,R
525,1497,0.952907051,70,80,1,R
525,1555,0.873303977,70,80,1,R
525,1673,0.910309928,70,80,1,R
525,2097,1.003165949,70,80,1,R
622,764,0.955480462,70,80,1,R
622,892,1.00582161,70,80,1,R
622,970,1.008297268,70,80,1,R
622,1182,0.943617283,70,80,1,R
622,1306,0.892811241,70,80,1,R
622,1442,0.928000785,70,80,1,R
622,1497,0.792704555,70,80,1,R
622,1555,0.956239312,70,80,1,R
622,1673,0.784035103,70,80,1,R
622,2097,0.81825171,70,80,1,R
764,892,0.910119271,70,80,1,R
764,970,0.934077819,70,80,1,R
764,1182,0.695173481,70,80,1,R
764,1306,0.900418364,70,80,1,R
764,1442,0.762344324,70,80,1,R
764,1497,0.938861197,70,80,1,R
764,1555,0.878352512,70,80,1,R
764,1673,0.94215226,70,80,1,R
764,2097,0.967632446,70,80,1,R
892,970,0.891641689,70,80,1,R
892,1182,0.848032761,70,80,1,R
892,1306,0.958631819,70,80,1,R
892,1442,0.845116254,70,80,1,R
892,1497,0.770534259,70,80,1,R
892,1555,1.011621083,70,80,1,R
892,1673,0.96137655,70,80,1,R
892,2097,0.939343803,70,80,1,R
970,1182,0.933392024,70,80,1,R
970,1306,0.876844847,70,80,1,R
970,1442,0.916764577,70,80,1,R
970,1497,0.997470978,70,80,1,R
970,1555,0.892596435,70,80,1,R
970,1673,0.761051564,70,80,1,R
970,2097,0.964551042,70,80,1,R
1182,1306,0.890464183,70,80,1,R
1182,1442,0.452722263,70,80,1,R
1182,1497,0.942365904,70,80,1,R
1182,1555,0.923353353,70,80,1,R
1182,1673,0.856436978,70,80,1,R
1182,2097,0.948567588,70,80,1,R
1306,1442,0.931572162,70,80,1,R
1306,1497,1.001169784,70,80,1,R
1306,1555,0.849571136,70,80,1,R
1306,1673,1.010567387,70,80,1,R
1306,2097,0.993409573,70,80,1,R
1442,1497,0.961655486,70,80,1,R
1442,1555,0.948580622,70,80,1,R
1442,1673,0.957101183,70,80,1,R
1442,2097,0.868167958,70,80,1,R
1497,1555,0.880001954,70,80,1,R
1497,1673,0.871437674,70,80,1,R
1497,2097,0.925890778,70,80,1,R
1555,1673,1.009845535,70,80,1,R
1555,2097,0.962994714,70,80,1,R
1673,2097,1.0031286,70,80,1,R
90,248,0.940100444,80,0,1,R
90,525,0.961627037,80,0,1,R
90,764,0.971536814,80,0,1,R
90,892,0.884087343,80,0,1,R
90,970,0.896876961,80,0,1,R
90,1182,0.904789446,80,0,1,R
90,1306,0.985812605,80,0,1,R
90,1442,0.906338092,80,0,1,R
90,1497,0.931994762,80,0,1,R
90,1555,0.881811738,80,0,1,R
90,1673,0.794231275,80,0,1,R
90,2097,0.878246726,80,0,1,R
248,525,0.93404917,80,0,1,R
248,764,0.783932686,80,0,1,R
248,892,1.002765237,80,0,1,R
248,970,0.898394731,80,0,1,R
248,1182,0.878731706,80,0,1,R
248,1306,0.881491005,80,0,1,R
248,1442,0.92322066,80,0,1,R
248,1497,0.965313271,80,0,1,R
248,1555,0.751712692,80,0,1,R
248,1673,0.776630498,80,0,1,R
248,2097,0.898035127,80,0,1,R
525,764,0.971492218,80,0,1,R
525,892,0.997201655,80,0,1,R
525,970,0.867169165,80,0,1,R
525,1182,0.952371176,80,0,1,R
525,1306,0.961064511,80,0,1,R
525,1442,0.706417552,80,0,1,R
525,1497,0.917903505,80,0,1,R
525,1555,0.97575899,80,0,1,R
525,1673,0.980453242,80,0,1,R
525,2097,1.002293008,80,0,1,R
764,892,0.995517001,80,0,1,R
764,970,0.714670372,80,0,1,R
764,1182,0.827950936,80,0,1,R
764,1306,0.906778451,80,0,1,R
764,1442,0.901882558,80,0,1,R
764,1497,0.927595068,80,0,1,R
764,1555,0.879615372,80,0,1,R
764,1673,0.856466115,80,0,1,R
764,2097,0.897231223,80,0,1,R
892,970,0.899429051,80,0,1,R
892,1182,0.954358875,80,0,1,R
892,1306,0.923528657,80,0,1,R
892,1442,0.900940637,80,0,1,R
892,1497,1.013983742,80,0,1,R
892,1555,0.88341811,80,0,1,R
892,1673,0.898085895,80,0,1,R
892,2097,1.002310639,80,0,1,R
970,1182,0.855258401,80,0,1,R
970,1306,0.917086225,80,0,1,R
970,1442,0.9484679,80,0,1,R
970,1497,1.009762536,80,0,1,R
970,1555,0.692938967,80,0,1,R
970,1673,0.980694683,80,0,1,R
970,2097,1.000469252,80,0,1,R
1182,1306,0.910838103,80,0,1,R
1182,1442,0.559540152,80,0,1,R
1182,1497,0.905461234,80,0,1,R
1182,1555,0.96336704,80,0,1,R
1182,1673,0.981119194,80,0,1,R
1182,2097,0.928085733,80,0,1,R
1306,1442,0.918947895,80,0,1,R
1306,1497,1.014619873,80,0,1,R
1306,1555,0.940508353,80,0,1,R
1306,1673,1.005643408,80,0,1,R
1306,2097,0.893962077,80,0,1,R
1442,1497,0.964173296,80,0,1,R
1442,1555,0.874404871,80,0,1,R
1442,1673,0.948782653,80,0,1,R
1442,2097,0.967494175,80,0,1,R
1497,1555,0.922478958,80,0,1,R
1497,1673,0.835962821,80,0,1,R
1497,2097,0.907332175,80,0,1,R
1555,1673,0.902098171,80,0,1,R
1555,2097,0.88835633,80,0,1,R
1673,2097,0.911890972,80,0,1,R
90,3,0.907976322,80,40,1,R
90,4,0.869278516,80,40,1,R
90,5,0.898225867,80,40,1,R
90,6,0.951118074,80,40,1,R
90,7,0.985128694,80,40,1,R
90,8,0.903328612,80,40,1,R
90,9,0.923948812,80,40,1,R
90,10,0.866670428,80,40,1,R
90,11,0.934979529,80,40,1,R
90,12,0.966846833,80,40,1,R
248,4,0.986947618,80,40,1,R
248,5,1,80,40,1,R
248,6,0.839322407,80,40,1,R
248,7,0.930054375,80,40,1,R
248,8,0.964476987,80,40,1,R
248,9,1,80,40,1,R
248,10,0.815404463,80,40,1,R
248,11,0.933527234,80,40,1,R
248,12,0.925762054,80,40,1,R
525,5,1,80,40,1,R
525,6,0.909811336,80,40,1,R
525,7,0.884,80,40,1,R
525,8,0.917464399,80,40,1,R
525,9,0.845358339,80,40,1,R
525,10,0.911898313,80,40,1,R
525,11,0.69622093,80,40,1,R
525,12,0.92809482,80,40,1,R
764,6,0.822486413,80,40,1,R
764,7,0.938778768,80,40,1,R
764,8,0.869029851,80,40,1,R
764,9,0.734633028,80,40,1,R
764,10,0.871710526,80,40,1,R
764,11,0.934577755,80,40,1,R
764,12,0.898800698,80,40,1,R
892,7,0.915064616,80,40,1,R
892,8,0.914454872,80,40,1,R
892,9,0.903071073,80,40,1,R
892,10,0.898921543,80,40,1,R
892,11,1,80,40,1,R
892,12,1,80,40,1,R
1182,8,0.601854025,80,40,1,R
1182,9,0.935252497,80,40,1,R
1182,10,0.826995383,80,40,1,R
1182,11,0.894789126,80,40,1,R
1182,12,0.965854955,80,40,1,R
1306,9,0.898929577,80,40,1,R
1306,10,0.81794818,80,40,1,R
1306,11,1,80,40,1,R
1306,12,0.823940316,80,40,1,R
1442,10,0.862289038,80,40,1,R
1442,11,0.864343795,80,40,1,R
1442,12,0.855922166,80,40,1,R
1497,11,0.850815451,80,40,1,R
1497,12,0.945787301,80,40,1,R
1555,12,0.989806071,80,40,1,R
90,3,0.928211092,80,80,1,R
90,4,0.77278909,80,80,1,R
90,5,1,80,80,1,R
90,6,0.90362377,80,80,1,R
90,7,0.785869587,80,80,1,R
90,8,0.968342275,80,80,1,R
90,9,0.938282801,80,80,1,R
90,10,0.8145202,80,80,1,R
90,11,0.967877113,80,80,1,R
90,12,0.98173434,80,80,1,R
525,4,0.812589127,80,80,1,R
525,5,0.919809428,80,80,1,R
525,6,0.986004785,80,80,1,R
525,7,0.859499373,80,80,1,R
525,8,0.923782506,80,80,1,R
525,9,0.966176825,80,80,1,R
525,10,0.944067173,80,80,1,R
525,11,0.955553253,80,80,1,R
525,12,1,80,80,1,R
622,5,1,80,80,1,R
622,6,0.954147401,80,80,1,R
622,7,0.860029217,80,80,1,R
622,8,0.88646789,80,80,1,R
622,9,0.89157192,80,80,1,R
622,10,0.918458117,80,80,1,R
622,11,1,80,80,1,R
622,12,0.853111945,80,80,1,R
764,6,0.845262977,80,80,1,R
764,7,0.890811119,80,80,1,R
764,8,0.811115123,80,80,1,R
764,9,0.709248236,80,80,1,R
764,10,0.88420045,80,80,1,R
764,11,0.947387785,80,80,1,R
764,12,0.851502068,80,80,1,R
892,7,0.929136188,80,80,1,R
892,8,0.97418136,80,80,1,R
892,9,0.983677594,80,80,1,R
892,10,1,80,80,1,R
892,11,1,80,80,1,R
892,12,1,80,80,1,R
1182,8,0.38408117,80,80,1,R
1182,9,0.792458643,80,80,1,R
1182,10,0.732128028,80,80,1,R
1182,11,0.836472367,80,80,1,R
1182,12,0.989162785,80,80,1,R
1306,9,0.976091617,80,80,1,R
1306,10,0.981800565,80,80,1,R
1306,11,0.979187778,80,80,1,R
1306,12,1,80,80,1,R
1442,10,0.775251076,80,80,1,R
1442,11,0.884511394,80,80,1,R
1442,12,0.933187885,80,80,1,R
1497,11,0.963903743,80,80,1,R
1497,12,0.789539283,80,80,1,R
1555,12,0.927801586,80,80,1,R
